jurusan,onet_soc
Analisis Kimia,19-4031.00 19-2031.00
Arsitektur,17-1011.00
Desain Interaktif,15-1255.00 27-1024.00
Engineering Science,17-2199.07 19-2012.00 17-2141.00
Geofisika,19-2042.00 19-2021.00
Ilmu Lingkungan,19-2041.00
Inovasi Digital,15-1252.00 15-1299.09 13-1161.00
Intelijen,33-3021.06
Keamanan Siber,15-1212.00 15-1299.04 15-1299.05
Keamanan Sistem Informasi,15-1212.00 15-1299.05
Kecerdasan Buatan,15-1221.00 15-2051.00 15-1252.00
Keselamatan Kerja & Pencegahan Kebakaran,17-2111.02 19-5011.00 33-2021.00
Kimia Terapan,19-4031.00 17-2041.00
Komputerisasi Akuntansi,13-2011.00 43-3031.00 15-1211.00
Lalu Lintas Udara,53-2021.00
Logistik,13-1081.00 11-3071.04
Manajemen Informatika,15-1211.00 15-1242.00 11-3021.00
Manajemen Pelabuhan dan Pelayaran,11-3071.00 43-5011.00 53-5021.00
Multimedia,27-1014.00 27-4032.00 15-1255.00
Nautika,53-5021.00
Penerbang,53-2011.00 53-2012.00
Pengelolaan Pelabuhan Perikanan,11-3071.00 45-1011.00
Pengolahan Limbah Industri,17-2081.00 51-8031.00
Perencanaan Tata Ruang Wilayah Dan Kota,19-3051.00
Perencanaan Wilayah dan Kota,19-3051.00 19-3099.01
Perkeretaapian,53-4011.00 49-9097.00 17-2051.01
Permesinan Kapal,53-5031.00 17-2121.00
Rekayasa Kosmetik,19-2031.00 17-2041.00
Rekayasa Perangkat Lunak,15-1252.00 15-1253.00
Relasi Industri,13-1075.00 11-3121.00
Sains Informasi,15-1211.00 15-2051.00 25-4022.00
Sistem Informasi,15-1211.00 15-1242.00 15-1299.09
Sistem Informasi Akuntansi,15-1211.00 13-2011.00
Teknik & Manajemen Pembekalan,13-1081.00 11-3071.04
Teknik Bangunan Rawa,17-2051.00 17-2051.02
Teknik Dirgantara,17-2011.00
Teknik Elektro,17-2071.00
Teknik Elektromedik,17-2031.00 49-9062.00
Teknik Elektronika,17-2072.00 17-3023.00
Teknik Energi,17-2199.03 17-2199.11
Teknik Fisika,17-2199.07 19-2012.00
Teknik Geodesi,17-1022.01 17-1021.00
Teknik Geologi,19-2042.00 17-2151.00
Teknik Industri,17-2112.00 17-2112.03
Teknik Industri Otomotif,17-2141.02 17-2112.03
Teknik Informatika,15-1252.00 15-1221.00 15-1211.00
Teknik Instrumentasi,17-2072.00 17-3028.00
Teknik Kelautan,17-2121.00 17-2051.00
Teknik Kelistrikan Kapal,17-2071.00 49-2093.00
Teknik Kimia,17-2041.00
Teknik Komputer,17-2061.00 15-1241.00
Teknik Lingkungan,17-2081.00 17-2051.02
Teknik Mekanikal Bandar Udara,49-3011.00 53-2022.00
Teknik Mekatronika,17-2199.05 17-2199.08
Teknik Mesin,17-2141.00
Teknik Metalurgi,17-2131.00
Teknik Nuklir,17-2161.00
Teknik Otomotif,17-2141.02 49-3023.00
Teknik Perkapalan,17-2121.00
Teknik Perminyakan,17-2171.00
Teknik Perpipaan,17-2141.00 47-2152.00
Teknik Pertambangan,17-2151.00
Teknik Pesawat Udara,49-3011.00 17-3021.00
Teknik Sipil,17-2051.00
Teknik Tekstil,17-2131.00 17-2112.03
Teknik Telekomunikasi,15-1241.01 17-2072.00
Teknik Transportasi Laut,17-2121.00 53-5021.00
Teknika,53-5031.00
Teknologi Informasi,15-1211.00 15-1244.00 15-1252.00
Teknologi Kosmetik,19-2031.00 19-4031.00
Teknologi Rekayasa Multimedia,27-1014.00 27-4032.00 15-1254.00
Teknologi Rekayasa Persenjataan Militer,17-2141.00 17-2072.00
Teknologi Rekayasa Sistem Aerial Nirawak,17-2011.00 17-2199.08
Transportasi,17-2051.01 19-3099.01
Aqidah dan Filsafat Islam,25-1126.00 21-2011.00
Bimbingan dan Konseling Kristen,21-1012.00 21-2011.00
Bisnis dan Manajemen Buddha,11-1021.00 13-1111.00
Ekonomi,19-3011.00
Ekonomi Syariah,19-3011.00 13-2051.00
Hukum Adat,23-1011.00 19-3091.00
Ilmu Al-Qur'an dan Tafsir,25-1126.00 21-2011.00
Ilmu Hadis,25-1126.00 21-2011.00
Komunikasi dan Penyiaran Khonghucu,27-3011.00 21-2021.00
Manajemen Haji dan Umrah,41-3041.00 13-1121.00
Pemikiran Politik Islam,19-3094.00 25-1126.00
Pendidikan Agama Katolik,25-2031.00 21-2021.00
Pendidikan Islam Anak Usia Dini,25-2011.00
Pendidikan Penyuluh Agama,21-2021.00 21-1093.00
Pendidikan Seni Keagamaan,25-2031.00 27-2042.00
Seni Budaya Buddha,27-1013.00 21-2021.00
Studi Agama Buddha,25-1126.00 21-2011.00
Studi Agama Hindu,25-1126.00 21-2011.00
Studi Agama-Agama,25-1126.00 19-3041.00
Studi Islam,25-1126.00 21-2011.00
Tasawuf dan Psikoterapi,21-1014.00 21-2011.00
Teologi,21-2011.00 25-1126.00
Yoga Kesehatan,39-9031.00 11-9179.01
Administrasi Pendidikan,11-9032.00
Bimbingan Dan Konseling,21-1012.00
Ilmu Keolahragaan,29-1128.00 39-9031.00 27-2022.00
Manajemen Pendidikan Islam,11-9032.00
Pendidikan Administrasi Perkantoran,25-2032.00 43-6014.00
Pendidikan Agama Buddha,25-2031.00 21-2021.00
Pendidikan Agama Hindu,25-2031.00 21-2021.00
Pendidikan Agama Islam,25-2031.00 21-2021.00
Pendidikan Agama Khonghucu,25-2031.00 21-2021.00
Pendidikan Agama Kristen,25-2031.00 21-2021.00
Pendidikan Akuntansi,25-2031.00 13-2011.00
Pendidikan Antropologi,25-2031.00 19-3091.00
Pendidikan Bahasa Arab,25-2031.00 27-3091.00
Pendidikan Bahasa Inggris,25-2031.00 25-3011.00
Pendidikan Bahasa Jepang,25-2031.00 27-3091.00
Pendidikan Bahasa Jerman,25-2031.00 27-3091.00
Pendidikan Bahasa Mandarin,25-2031.00 27-3091.00
Pendidikan Bahasa Perancis,25-2031.00 27-3091.00
Pendidikan Bahasa dan Sastra Daerah,25-2031.00 27-3043.00
Pendidikan Bahasa dan Sastra Indonesia,25-2031.00 27-3043.00
Pendidikan Biologi,25-2031.00 19-1029.04
Pendidikan Ekonomi,25-2031.00 19-3011.00
Pendidikan Fisika,25-2031.00 19-2012.00
Pendidikan Geografi,25-2031.00 19-3092.00
Pendidikan Guru Madrasah Ibtidaiyah,25-2021.00
Pendidikan Guru Pendidikan Anak Usia Dini,25-2011.00 25-2012.00
Pendidikan Guru Sekolah Dasar,25-2021.00
Pendidikan IPA,25-2022.00 19-1029.04
Pendidikan Ilmu Pengetahuan Alam,25-2022.00 19-1029.04
Pendidikan Ilmu Pengetahuan Sosial,25-2022.00 19-3041.00
"Pendidikan Jasmani, Kesehatan dan Rekreasi",25-2031.00 27-2022.00 39-9031.00
Pendidikan Kepelatihan Olahraga,27-2022.00 39-9031.00
Pendidikan Kepercayaan Terhadap Tuhan Yang Maha Esa,25-2031.00 21-2021.00
Pendidikan Kesejahteraan Keluarga,25-2031.00 25-9021.00
Pendidikan Kimia,25-2031.00 19-2031.00
Pendidikan Kriya,25-2031.00 27-1012.00
Pendidikan Luar Biasa,25-2056.00 25-2058.00
Pendidikan Luar Sekolah,25-3011.00 25-3021.00
Pendidikan Matematika,25-2031.00 15-2021.00
Pendidikan Musik,25-2031.00 27-2042.00
Pendidikan Pancasila Dan Kewarganegaraan,25-2031.00 19-3094.00
Pendidikan Sejarah,25-2031.00 19-3093.00
"Pendidikan Seni Drama, Tari dan Musik",25-2031.00 27-2011.00 27-2031.00
Pendidikan Seni Rupa,25-2031.00 27-1013.00
Pendidikan Seni dan Keagamaan,25-2031.00 21-2021.00
Pendidikan Sosiologi,25-2031.00 19-3041.00
Pendidikan Tari,25-2031.00 27-2031.00
Pendidikan Tata Boga,25-2032.00 35-1011.00
Pendidikan Tata Busana,25-2032.00 27-1022.00
Pendidikan Tata Rias,25-2032.00 39-5012.00
Pendidikan Teknik Bangunan,25-2032.00 17-3022.00
Pendidikan Teknik Elektro,25-2032.00 17-3023.00
Pendidikan Teknik Elektronika,25-2032.00 17-3023.00
Pendidikan Teknik Mesin,25-2032.00 17-3027.00
Pendidikan Teknik Otomotif,25-2032.00 49-3023.00
Pendidikan Teknologi Agroindustri,25-2032.00 19-1012.00
Pendidikan Teknologi Informasi,25-2032.00 15-1211.00
Pendidikan Vokasional Teknik,25-2032.00 25-1194.00
Teknologi Pendidikan,25-9031.00 15-1255.00
Agribisnis,11-9013.00 13-1021.00
Agribisnis K. Mataram,11-9013.00 13-1021.00
Agribisnis Perikanan,11-9013.00 45-1011.00
Agribisnis Unggas,11-9013.00 19-1011.00
Agro Industri,19-1012.00 11-3051.00
Agroteknologi,19-1013.00 19-4012.00
Akuakultur,45-2093.00 19-1023.00
Arsitektur Lanskap,17-1012.00
Bioteknologi,19-1029.02 19-1021.00
Ekowisata,19-1031.03 39-7011.00
Ilmu Kelautan,19-1023.00 19-2041.00
Ilmu Keluarga Dan Konsumen,25-9021.00 21-1021.00
Ilmu Perikanan,19-1023.00 45-2093.00
Ilmu Pertanian,19-1013.00 11-9013.00
Ilmu Tanah,19-1013.00
Kedokteran Hewan,29-1131.00
Kehutanan,19-1032.00 19-1031.00
Kesehatan Hewan,29-2056.00
Keteknikan Pertanian,17-2021.00
Komunikasi Penerbangan,53-2021.00 53-2022.00
Manajemen Sumber Daya Perairan,11-9121.02 19-2043.00
Pembangunan Pertanian,25-9021.00 11-9013.00
Pendidikan Vokasional Agribisnis,25-2032.00 11-9013.00
Pendidikan Vokasional Teknik Pertanian,25-2032.00 17-2021.00
Pengelolaan Agribisnis,11-9013.00 13-1021.00
Pengelolaan Perkebunan,11-9013.00 19-4012.00
Pengembangan Produk Agroindustri,19-1012.00 17-2112.03
Pengolahan Hasil Hutan,19-1032.00 51-7042.00
Pengolahan Hasil Perkebunan Terpadu,19-1012.00 19-4013.00
Penyuluhan Pertanian,25-9021.00
Perikanan Tangkap,45-3031.00 53-5021.00
Peternakan,19-1011.00 11-9013.00
Proteksi Tanaman,19-1013.00 19-4012.00
Teknik Penangkapan Ikan,45-3031.00 53-5021.00
Teknik Pertanian,17-2021.00
Teknologi Benih,19-1013.00 19-4012.00
Teknologi Hasil Perikanan,19-1012.00 19-4013.00
Teknologi Hasil Pertanian,19-1012.00 19-4013.00
Teknologi Industri Pertanian,17-2021.00 19-1012.00 17-2112.00
Teknologi Pangan,19-1012.00
Teknologi Pengolahan Kulit,19-4031.00 51-6041.00
Teknologi Pulp dan Kertas,17-2041.00 51-9196.00
Teknologi dan Bisnis Perikanan dan Kelautan,11-9013.00 45-3031.00 19-1023.00
Administrasi Kesehatan,11-9111.00
Administrasi Rumah Sakit,11-9111.00 43-6013.00
Bioinformatika,19-1029.01 15-2099.01
Fisioterapi,29-1123.00
Gizi,29-1031.00
Higiene Gigi,29-1292.00
Ilmu Biomedis,19-1042.00 29-2011.00
Informatika Medis,15-1211.01 29-9021.00
Kebidanan,29-9099.01 29-1161.00
Kedokteran,29-1215.00 29-1216.00
Kedokteran Gigi,29-1021.00
Keperawatan,29-1141.00
Keperawatan Anestesiologi,29-1151.00
Kesehatan Gigi,29-1292.00 31-9091.00
Kesehatan Lingkungan,19-2041.00 19-4042.00
Kesehatan Masyarakat,19-1041.00 21-1091.00
Keselamatan dan Kesehatan Kerja,19-5011.00 19-5012.00
Masase,31-9011.00
Okupasi Terapi,29-1122.00
Optometri,29-1041.00 29-2081.00
Ortotik dan Prostetik,29-2091.00
Pengobatan Tradisional,29-1291.00 29-1299.01
Promosi Kesehatan,21-1091.00
Radiologi,29-2034.00
Rekam Medis & Informasi Kesehatan,29-9021.00 29-2072.00
Rekam Medis dan Informasi Kesehatan,29-9021.00 29-2072.00
Teknik Biomedis,17-2031.00
Teknik Gigi,51-9081.00
Teknik Kardiovaskular,29-2031.00
Teknologi Bank Darah,29-2011.00 31-9097.00
Teknologi Kedokteran,29-2011.00
Teknologi Laboratorium Medis,29-2011.00 29-2012.00
Analis Farmasi dan Makanan,19-4031.00 19-4013.00
Astronomi,19-2011.00
Biokimia,19-1021.00
Biologi,19-1029.04
Farmasi,29-1051.00
Fisika,19-2012.00
Geografi,19-3092.00 15-1299.02
Ilmu Aktuaria,15-2011.00
Ilmu Falak,19-2011.00 21-2011.00
Kimia,19-2031.00
Laboratorium Sains,19-4021.00 19-4031.00
Matematika,15-2021.00
Mekanisasi Perikanan,17-2021.00 49-3051.00
Meteorologi,19-2021.00
Mikrobiologi,19-1022.00
Rekayasa Hayati,17-2031.00 19-1029.02
Rekayasa Nanoteknologi,17-2199.09
Sains Analitik dan Instrumentasi Kimia,19-2031.00 19-4031.00
Sains Data,15-2051.00
Statistika,15-2041.00
Animasi,27-1014.00
Desain Interior,27-1025.00
Desain Komunikasi Visual,27-1024.00 27-1011.00
Desain Mode,27-1022.00
Desain Produk,27-1021.00
Etnomusikologi,27-2042.00 19-3091.00
Film dan Televisi,27-2012.00 27-4031.00 27-4032.00
Fotografi,27-4021.00
Kriya,27-1012.00
Multi Media,27-1014.00 27-4032.00 15-1255.00
Produksi Media,27-2012.00 27-4011.00
Seni Karawitan,27-2042.00
Seni Musik,27-2042.00 27-2041.00
Seni Pedalangan,27-2011.00 27-2042.00
Seni Pertunjukan,27-2011.00 27-2012.00
Seni Rupa,27-1013.00
Seni Tari,27-2031.00 27-2032.00
Seni Teater,27-2011.00 27-2012.00
Tata Kelola Seni,13-1011.00 11-9072.00 25-4012.00
Tata Rias dan Kecantikan,39-5012.00 39-5091.00 39-5094.00
Teknologi Grafika,51-5111.00 43-9031.00 27-1024.00
Teknologi Permainan,15-1255.01 15-1252.00
Administrasi Bisnis,11-1021.00 13-1111.00
Administrasi Keuangan,11-3031.00 13-2031.00
Administrasi Pemerintahan,11-3012.00 13-1111.00
Administrasi Perkantoran,43-6014.00 11-3012.00
Administrasi Publik,11-3012.00 13-1111.00 19-3094.00
Asuransi,13-2053.00 41-3021.00 13-1031.00
Asuransi Syariah,13-2053.00 41-3021.00 13-1031.00
Bimbingan Penyuluhan Islam,21-1012.00 21-2021.00
Bimbingan dan Konseling Islam,21-1012.00 21-1014.00
Bisnis Internasional,13-1161.00 11-2022.00
Demografi dan Pencatatan Sipil,15-2041.00 19-3022.00 43-4031.00
Hubungan Internasional,19-3094.00
Hubungan Masyarakat,27-3031.00 11-2032.00
Hubungan Masyarakat K. Batang,27-3031.00 11-2032.00
Hukum Bisnis,23-1011.00
Hukum Ekonomi Syariah (Muamalah),23-1011.00 13-2051.00
Hukum Keluarga Islam (Ahwal Syakhshiyyah),23-1011.00 23-1022.00
Hukum Pidana Islam (Jinayah),23-1011.00
Hukum Tatanegara (Siyasah Syar'iyyah),23-1011.00 19-3094.00
Ilmu Hukum,23-1011.00 23-1023.00
Ilmu Kepolisian,33-3051.00 33-3021.00
Ilmu Komunikasi,27-3031.00 27-3023.00
Ilmu Komunikasi Hindu,27-3031.00 21-2021.00
Ilmu Pemerintahan,19-3094.00 11-1031.00
Ilmu Politik,19-3094.00
Jurnalistik,27-3023.00
Keimigrasian,33-3051.04
Kesejahteraan Sosial,21-1021.00 21-1093.00
Kewirausahaan,11-1021.00 13-1199.06
Komunikasi dan Penyiaran Islam,27-3011.00 21-2021.00
Kriminologi,19-3041.00 33-3021.00
Manajemen Administrasi Perkantoran,43-1011.00 11-3012.00
Manajemen Dakwah,21-2021.00 11-9151.00
Manajemen Keamanan dan Keselamatan Publik,11-9161.00 13-1199.07
Manajemen Zakat dan Wakaf,11-9151.00 13-1131.00
Pariwisata,39-7012.00 41-3041.00 11-9081.00
Pemasyarakatan,33-3012.00 21-1092.00
Pendidikan Bahasa Korea,25-2031.00 27-3091.00
Penerbitan,27-3041.00 43-9031.00
Pengembangan Masyarakat Islam,21-1093.00 11-9151.00
Penyiaran,27-3011.00 27-2012.00 27-4012.00
Perbandingan Madzhab,25-1126.00 23-1011.00
Perhotelan,11-9081.00 43-4081.00
Periklanan,11-2011.00 41-3011.00 27-1011.00
Pertanahan,17-1022.00 23-2093.00
Psikologi,19-3033.00 19-3032.00
Sosiologi,19-3041.00
Sosiologi Agama,19-3041.00 25-1126.00
Tata Boga,35-1011.00
Terapi Wicara,29-1127.00
Antropologi,19-3091.00
Arkeologi,19-3091.00 25-4013.00
Bahasa Mandarin,27-3091.00
Bahasa dan Kebudayaan Korea,27-3091.00
Bahasa dan Sastra Arab,27-3091.00 27-3043.00
Ilmu Filsafat,25-1126.00
Ilmu Perpustakaan,25-4022.00
Ilmu Sejarah,19-3093.00
Kajian Sastra dan Budaya,27-3043.00 25-1062.00
Kearsipan,25-4011.00 15-1299.03
Linguistik Terapan,27-3091.00 25-1124.00
Pendidikan Vokasional Mekatronika,25-2032.00 17-3024.00
Sastra Belanda,27-3091.00 27-3043.00
Sastra Daerah,27-3043.00
Sastra Indonesia,27-3043.00 27-3041.00
Sastra Inggris,27-3043.00 27-3091.00
Sastra Jepang,27-3091.00 27-3043.00
Sastra Jerman,27-3091.00 27-3043.00
Sastra Perancis,27-3091.00 27-3043.00
Sastra Rusia,27-3091.00 27-3043.00
Sejarah Peradaban Islam,19-3093.00
Studi Humanitas,19-3093.00 19-3041.00
Tari Sunda,27-2031.00
Tarjamah,27-3091.00
Tradisi Lisan,19-3091.00 27-3043.00
Administrasi Perkantoran Digital,43-6014.00 15-1299.03
Akuntansi,13-2011.00
Akuntansi Syariah,13-2011.00
Bachelor of Business Analytics,15-2051.01 13-1111.00
Bisnis Digital,13-1161.01 13-1199.06 15-1255.00
Bisnis Jasa,11-1021.00 41-3091.00
Bisnis Kreatif,11-1021.00 27-1011.00
Bisnis Maritim,11-3071.00 43-5011.01
Bisnis Properti,41-9021.00 11-9141.00
Ekonomi Hindu,19-3011.00
Ekonomi Pembangunan,19-3011.00
Ilmu Ekonomi dan Keuangan Islam,19-3011.00 13-2051.00
Keamanan Ekonomi dan Intelijen Keuangan,13-2099.04 33-3021.06
Keuangan Negara,13-2031.00 13-2081.00
Keuangan dan Perbankan,13-2051.00 13-2072.00 11-3031.00
Manajemen,11-1021.00 13-1111.00
Manajemen Bencana,11-9161.00
Manajemen Industri Halal,11-3051.00 11-3051.01 13-1041.07
Manajemen Logistik Industri Elektronika,13-1081.00 11-3071.04
Manajemen Pemasaran Internasional,11-2021.00 13-1161.00
Manajemen Pertahanan,11-9161.00 13-1111.00
Manajemen Syariah,11-1021.00 13-1111.00
Perbankan Syariah,13-2072.00 13-2051.00 11-3031.00
Perpajakan,13-2082.00 13-2081.00
