onet_soc,title,R,I,A,S,E,C
11-1011.00,Chief Executives,1.26,3.05,2.16,3.54,6.96,4.97
11-1011.03,Chief Sustainability Officers,2.04,4.78,2.48,3.55,6.68,4.49
11-1021.00,General and Operations Managers,2.20,2.37,1.29,3.38,7.00,5.34
11-1031.00,Legislators,1.54,3.35,2.70,3.69,5.52,3.62
11-2011.00,Advertising and Promotions Managers,1.00,1.69,3.87,3.14,7.00,4.43
11-2021.00,Marketing Managers,1.00,2.90,2.45,2.82,7.00,4.70
11-2022.00,Sales Managers,1.49,1.67,1.36,3.37,7.00,5.53
11-2032.00,Public Relations Managers,1.00,2.34,3.67,4.18,7.00,4.39
11-2033.00,Fundraising Managers,1.00,2.41,2.61,3.76,7.00,4.82
11-3012.00,Administrative Services Managers,1.42,2.12,1.11,3.74,6.47,6.27
11-3013.00,Facilities Managers,4.15,2.60,1.61,3.58,5.35,5.35
11-3013.01,Security Managers,3.39,3.69,1.30,2.75,5.63,5.43
11-3021.00,Computer and Information Systems Managers,2.68,4.49,1.47,2.35,5.09,5.94
11-3031.00,Financial Managers,1.36,2.46,1.59,3.04,7.00,5.56
11-3031.01,Treasurers and Controllers,1.00,2.20,1.17,2.68,6.15,6.44
11-3031.03,Investment Fund Managers,1.48,3.77,1.65,2.69,6.95,5.21
11-3051.00,Industrial Production Managers,4.00,2.92,1.40,1.85,6.03,5.21
11-3051.01,Quality Control Systems Managers,3.58,4.12,1.28,2.07,5.09,5.42
11-3051.02,Geothermal Production Managers,5.35,3.35,1.00,2.07,4.58,4.82
11-3051.03,Biofuels Production Managers,4.59,3.74,1.00,1.83,5.41,5.06
11-3051.04,Biomass Power Plant Managers,5.12,3.19,1.00,1.72,4.86,5.34
11-3051.06,Hydroelectric Production Managers,5.37,3.64,1.00,1.83,4.57,5.02
11-3061.00,Purchasing Managers,2.49,1.77,1.20,2.70,7.00,5.98
11-3071.00,"Transportation, Storage, and Distribution Managers",3.60,2.64,1.00,2.39,5.99,5.74
11-3071.04,Supply Chain Managers,3.39,2.46,1.00,2.04,6.24,5.25
11-3111.00,Compensation and Benefits Managers,1.00,2.18,1.41,3.81,7.00,5.66
11-3121.00,Human Resources Managers,1.26,2.31,1.50,3.88,7.00,5.54
11-3131.00,Training and Development Managers,1.90,3.04,2.57,5.54,6.35,4.04
11-9013.00,"Farmers, Ranchers, and Other Agricultural Managers",5.16,2.74,1.06,2.63,5.52,4.53
11-9021.00,Construction Managers,4.68,3.18,1.70,2.35,5.73,4.80
11-9031.00,"Education and Childcare Administrators, Preschool and Daycare",1.20,2.90,2.78,6.46,4.85,4.53
11-9032.00,"Education Administrators, Kindergarten through Secondary",1.31,3.06,2.84,5.72,5.34,4.68
11-9033.00,"Education Administrators, Postsecondary",1.00,3.83,2.81,5.64,5.30,4.91
11-9041.00,Architectural and Engineering Managers,2.99,4.56,2.64,2.95,6.40,4.43
11-9041.01,Biofuels/Biodiesel Technology and Product Development Managers,4.16,5.84,2.11,2.10,4.70,3.51
11-9051.00,Food Service Managers,4.16,1.96,1.63,3.53,5.97,5.06
11-9071.00,Gambling Managers,2.80,1.35,1.09,2.86,6.74,5.46
11-9072.00,"Entertainment and Recreation Managers, Except Gambling",3.35,1.96,1.98,3.93,6.25,5.04
11-9081.00,Lodging Managers,2.69,1.10,1.43,4.31,6.21,5.22
11-9111.00,Medical and Health Services Managers,2.05,3.75,1.45,4.40,5.95,5.17
11-9121.00,Natural Sciences Managers,2.74,5.87,2.44,3.09,5.60,4.22
11-9121.01,Clinical Research Coordinators,1.58,5.90,1.76,3.58,4.31,4.81
11-9121.02,Water Resource Specialists,4.45,5.80,1.78,2.58,3.53,4.17
11-9131.00,Postmasters and Mail Superintendents,2.14,1.30,1.17,3.35,6.00,5.69
11-9141.00,"Property, Real Estate, and Community Association Managers",3.28,2.11,1.69,3.53,6.67,5.26
11-9151.00,Social and Community Service Managers,1.00,2.17,2.43,5.43,6.97,4.21
11-9161.00,Emergency Management Directors,3.53,4.49,1.82,4.01,5.07,4.69
11-9171.00,Funeral Home Managers,2.81,2.32,1.89,4.35,6.38,4.56
11-9179.01,Fitness and Wellness Coordinators,3.21,2.69,2.14,5.58,5.42,3.65
11-9179.02,Spa Managers,2.50,1.31,1.84,4.19,7.00,4.91
11-9199.01,Regulatory Affairs Managers,1.93,2.99,1.34,2.65,6.55,5.67
11-9199.02,Compliance Managers,1.92,2.98,1.00,3.10,5.93,6.30
11-9199.08,Loss Prevention Managers,3.43,3.62,1.00,2.85,5.62,5.85
11-9199.09,Wind Energy Operations Managers,4.16,3.04,1.00,2.34,6.47,5.24
11-9199.10,Wind Energy Development Managers,3.44,3.86,1.66,2.38,6.71,4.82
11-9199.11,Brownfield Redevelopment Specialists and Site Managers,4.49,4.31,1.46,2.03,4.54,4.69
13-1011.00,"Agents and Business Managers of Artists, Performers, and Athletes",1.00,1.76,3.55,4.14,6.48,3.73
13-1021.00,"Buyers and Purchasing Agents, Farm Products",4.56,1.85,1.08,1.74,4.91,4.80
13-1022.00,"Wholesale and Retail Buyers, Except Farm Products",3.37,1.92,1.56,2.45,5.23,5.17
13-1023.00,"Purchasing Agents, Except Wholesale, Retail, and Farm Products",3.50,1.82,1.19,1.93,5.09,5.65
13-1031.00,"Claims Adjusters, Examiners, and Investigators",1.23,3.53,1.00,2.61,4.77,6.23
13-1032.00,"Insurance Appraisers, Auto Damage",5.17,3.04,1.16,1.64,3.54,5.44
13-1041.00,Compliance Officers,2.51,3.07,1.00,2.97,4.08,6.33
13-1041.01,Environmental Compliance Inspectors,4.57,4.77,1.05,2.35,3.21,5.84
13-1041.03,Equal Opportunity Representatives and Officers,1.23,3.01,1.73,4.24,5.37,5.21
13-1041.04,Government Property Inspectors and Investigators,3.09,3.32,1.00,2.41,4.20,6.26
13-1041.06,Coroners,4.04,4.94,1.50,3.10,4.09,4.86
13-1041.07,Regulatory Affairs Specialists,1.40,3.32,1.00,2.50,4.46,6.32
13-1041.08,Customs Brokers,2.37,1.53,1.00,2.17,5.02,6.13
13-1051.00,Cost Estimators,3.01,3.18,1.12,1.66,4.65,6.44
13-1071.00,Human Resources Specialists,1.03,2.52,1.35,3.78,5.67,5.52
13-1074.00,Farm Labor Contractors,4.85,1.54,1.00,3.24,4.99,4.39
13-1075.00,Labor Relations Specialists,1.31,3.10,1.71,3.72,5.65,4.61
13-1081.00,Logisticians,2.35,3.81,1.10,2.33,5.02,5.44
13-1081.01,Logistics Engineers,4.02,5.22,1.07,1.31,3.76,5.67
13-1081.02,Logistics Analysts,2.88,4.04,1.00,1.52,4.47,6.79
13-1082.00,Project Management Specialists,1.48,2.75,1.57,3.32,6.30,5.55
13-1111.00,Management Analysts,1.37,5.44,1.63,2.82,4.81,6.05
13-1121.00,"Meeting, Convention, and Event Planners",1.00,1.56,2.49,4.56,7.00,4.96
13-1131.00,Fundraisers,1.00,2.02,3.22,4.23,6.03,4.07
13-1141.00,"Compensation, Benefits, and Job Analysis Specialists",1.29,3.42,1.41,3.64,5.38,5.80
13-1151.00,Training and Development Specialists,2.03,4.03,3.19,5.64,3.68,3.76
13-1161.00,Market Research Analysts and Marketing Specialists,1.08,4.60,2.56,2.47,5.52,4.62
13-1161.01,Search Marketing Strategists,1.00,3.78,3.23,2.76,5.54,4.68
13-1199.04,Business Continuity Planners,2.00,4.39,1.66,3.06,5.23,5.06
13-1199.05,Sustainability Specialists,2.06,5.20,2.50,2.95,5.09,4.41
13-1199.06,Online Merchants,2.42,1.61,1.88,2.32,5.78,5.97
13-1199.07,Security Management Specialists,3.86,5.09,1.68,1.96,3.73,5.68
13-2011.00,Accountants and Auditors,1.14,3.57,1.08,2.13,3.87,7.00
13-2022.00,Appraisers of Personal and Business Property,3.59,2.57,2.09,1.68,4.65,6.00
13-2023.00,Appraisers and Assessors of Real Estate,2.70,2.85,1.61,2.63,4.87,5.81
13-2031.00,Budget Analysts,1.00,3.72,1.58,2.25,4.91,7.00
13-2041.00,Credit Analysts,1.00,3.79,1.00,2.41,4.55,6.85
13-2051.00,Financial and Investment Analysts,1.00,5.06,1.78,2.25,5.09,5.54
13-2052.00,Personal Financial Advisors,1.00,3.27,1.69,4.07,5.85,5.61
13-2053.00,Insurance Underwriters,1.72,3.64,1.00,2.84,4.50,6.16
13-2054.00,Financial Risk Specialists,1.67,4.96,1.31,2.48,4.92,5.36
13-2061.00,Financial Examiners,1.34,3.60,1.00,2.50,4.63,6.40
13-2071.00,Credit Counselors,1.00,2.65,1.80,4.89,4.73,5.35
13-2072.00,Loan Officers,1.43,2.32,1.00,3.65,4.98,6.08
13-2081.00,"Tax Examiners and Collectors, and Revenue Agents",1.21,2.47,1.00,3.15,4.38,6.85
13-2082.00,Tax Preparers,2.17,2.38,1.00,2.26,3.38,6.79
13-2099.01,Financial Quantitative Analysts,1.63,6.67,1.85,1.58,3.45,5.79
13-2099.04,"Fraud Examiners, Investigators and Analysts",2.01,4.67,1.22,1.95,4.57,5.62
15-1211.00,Computer Systems Analysts,3.27,6.39,1.98,1.91,2.23,5.93
15-1211.01,Health Informatics Specialists,2.84,6.29,1.99,4.52,2.08,4.71
15-1212.00,Information Security Analysts,3.56,5.40,1.34,2.11,2.85,6.08
15-1221.00,Computer and Information Research Scientists,3.74,7.00,2.95,2.00,2.49,4.80
15-1231.00,Computer Network Support Specialists,4.38,4.61,1.00,2.28,2.64,5.45
15-1232.00,Computer User Support Specialists,4.13,3.77,1.00,3.31,2.36,6.02
15-1241.00,Computer Network Architects,4.04,5.28,2.25,2.17,3.20,5.06
15-1241.01,Telecommunications Engineering Specialists,4.54,4.29,1.90,2.31,3.07,4.95
15-1242.00,Database Administrators,2.83,4.83,1.20,2.29,2.94,6.61
15-1243.00,Database Architects,2.63,5.63,2.16,1.91,2.68,6.12
15-1243.01,Data Warehousing Specialists,2.93,4.79,1.62,2.03,3.05,6.38
15-1244.00,Network and Computer Systems Administrators,4.19,4.04,1.00,2.22,3.46,6.18
15-1251.00,Computer Programmers,3.37,5.10,2.51,1.98,2.09,5.92
15-1252.00,Software Developers,3.61,6.05,2.37,1.81,1.87,5.62
15-1253.00,Software Quality Assurance Analysts and Testers,3.80,5.76,1.69,1.53,1.57,5.67
15-1254.00,Web Developers,2.98,5.01,3.13,2.22,2.96,5.03
15-1255.00,Web and Digital Interface Designers,2.59,4.88,4.48,2.20,3.13,4.40
15-1255.01,Video Game Designers,2.77,4.15,6.38,2.30,3.92,3.85
15-1299.01,Web Administrators,2.45,4.41,2.42,2.27,3.77,5.54
15-1299.02,Geographic Information Systems Technologists and Technicians,4.26,5.19,2.31,1.93,1.93,5.88
15-1299.03,Document Management Specialists,1.75,3.89,1.81,2.29,2.93,6.74
15-1299.04,Penetration Testers,3.91,5.19,1.31,1.99,2.10,5.18
15-1299.05,Information Security Engineers,4.30,5.54,1.33,1.83,2.66,6.06
15-1299.06,Digital Forensics Analysts,3.20,6.11,1.69,1.65,2.71,6.03
15-1299.07,Blockchain Engineers,3.40,5.28,2.07,1.57,3.39,5.69
15-1299.08,Computer Systems Engineers/Architects,4.10,5.46,1.88,2.10,3.03,5.76
15-1299.09,Information Technology Project Managers,1.73,3.87,1.77,2.67,5.91,5.31
15-2011.00,Actuaries,1.78,4.45,1.13,2.49,3.33,6.29
15-2021.00,Mathematicians,3.22,7.00,3.23,1.95,1.11,5.03
15-2031.00,Operations Research Analysts,1.90,6.26,2.18,2.02,3.14,5.76
15-2041.00,Statisticians,2.14,6.58,1.77,1.71,1.82,6.03
15-2041.01,Biostatisticians,2.43,7.00,2.80,3.11,1.98,4.40
15-2051.00,Data Scientists,2.17,6.98,2.61,1.66,1.71,5.39
15-2051.01,Business Intelligence Analysts,1.24,5.41,1.93,1.85,4.42,5.79
15-2051.02,Clinical Data Managers,1.25,5.66,1.27,2.82,3.30,6.58
15-2099.01,Bioinformatics Technicians,3.81,6.42,1.58,1.69,1.00,6.04
17-1011.00,"Architects, Except Landscape and Naval",4.92,3.88,4.13,2.53,3.65,4.44
17-1012.00,Landscape Architects,5.42,4.73,4.68,2.67,3.65,3.70
17-1021.00,Cartographers and Photogrammetrists,4.62,5.18,3.55,1.78,1.64,5.34
17-1022.00,Surveyors,5.25,4.73,2.12,1.63,1.88,5.29
17-1022.01,Geodetic Surveyors,5.50,5.40,1.54,1.74,1.61,5.29
17-2011.00,Aerospace Engineers,5.65,6.05,2.35,1.25,2.52,4.44
17-2021.00,Agricultural Engineers,6.65,6.29,2.19,1.73,2.31,3.77
17-2031.00,Bioengineers and Biomedical Engineers,5.44,6.75,2.11,2.45,1.84,4.48
17-2041.00,Chemical Engineers,6.27,5.75,1.80,1.02,1.85,4.54
17-2051.00,Civil Engineers,6.43,5.15,2.21,1.69,2.66,4.61
17-2051.01,Transportation Engineers,5.37,5.08,2.13,1.97,3.09,4.41
17-2051.02,Water/Wastewater Engineers,5.62,5.35,1.85,1.76,2.90,4.53
17-2061.00,Computer Hardware Engineers,5.69,5.56,1.83,1.82,1.98,5.37
17-2071.00,Electrical Engineers,6.02,5.45,2.12,1.72,2.44,4.43
17-2072.00,"Electronics Engineers, Except Computer",6.24,5.81,2.03,1.59,1.62,4.68
17-2072.01,Radio Frequency Identification Device Specialists,5.08,4.85,1.41,1.54,1.56,5.31
17-2081.00,Environmental Engineers,5.17,6.10,1.96,2.22,3.17,4.59
17-2111.00,"Health and Safety Engineers, Except Mining Safety Engineers and Inspectors",5.36,5.63,1.04,2.17,2.27,4.68
17-2111.02,Fire-Prevention and Protection Engineers,6.33,5.19,1.47,2.84,2.80,4.47
17-2112.00,Industrial Engineers,4.96,4.99,1.58,1.37,3.29,5.35
17-2112.01,Human Factors Engineers and Ergonomists,4.54,6.21,2.65,2.15,2.59,4.40
17-2112.02,Validation Engineers,4.85,5.56,1.48,1.43,2.02,5.07
17-2112.03,Manufacturing Engineers,5.27,4.53,2.22,1.60,3.09,4.41
17-2121.00,Marine Engineers and Naval Architects,5.74,5.71,2.62,1.27,3.26,4.31
17-2131.00,Materials Engineers,5.88,5.82,2.54,1.38,2.06,4.11
17-2141.00,Mechanical Engineers,6.39,5.12,2.02,1.22,1.97,4.83
17-2141.01,Fuel Cell Engineers,5.53,5.37,1.83,1.44,2.51,4.06
17-2141.02,Automotive Engineers,6.17,5.67,2.55,1.37,2.13,4.06
17-2151.00,"Mining and Geological Engineers, Including Mining Safety Engineers",6.08,5.58,1.55,1.84,2.75,4.64
17-2161.00,Nuclear Engineers,4.92,6.44,2.05,1.89,2.53,4.48
17-2171.00,Petroleum Engineers,5.37,5.33,1.92,1.78,3.04,4.32
17-2199.03,"Energy Engineers, Except Wind and Solar",5.20,4.69,2.03,2.24,3.09,4.40
17-2199.05,Mechatronics Engineers,5.68,5.55,2.43,1.58,1.72,4.84
17-2199.06,Microsystems Engineers,5.48,6.19,1.93,1.55,1.40,4.91
17-2199.07,Photonics Engineers,5.90,5.88,2.80,1.39,1.70,3.96
17-2199.08,Robotics Engineers,6.18,5.61,1.79,1.49,1.79,4.48
17-2199.09,Nanosystems Engineers,5.31,6.10,2.36,1.47,2.57,4.04
17-2199.10,Wind Energy Engineers,5.90,4.54,2.22,1.43,3.12,4.12
17-2199.11,Solar Energy Systems Engineers,5.97,5.02,2.11,1.90,3.05,3.96
17-3011.00,Architectural and Civil Drafters,5.54,4.23,4.48,1.55,1.53,4.89
17-3012.00,Electrical and Electronics Drafters,5.62,3.44,3.06,1.32,1.90,5.53
17-3013.00,Mechanical Drafters,5.96,3.79,3.62,1.21,1.36,4.85
17-3021.00,Aerospace Engineering and Operations Technologists and Technicians,6.47,5.11,1.00,1.00,1.44,5.31
17-3022.00,Civil Engineering Technologists and Technicians,5.75,5.37,2.88,1.55,2.00,5.27
17-3023.00,Electrical and Electronic Engineering Technologists and Technicians,6.26,5.20,1.76,1.78,1.31,5.00
17-3024.00,Electro-Mechanical and Mechatronics Technologists and Technicians,7.00,4.38,1.38,1.00,1.00,4.58
17-3024.01,Robotics Technicians,6.94,3.88,1.00,1.13,1.37,4.67
17-3025.00,Environmental Engineering Technologists and Technicians,6.28,5.90,1.73,1.46,1.32,4.80
17-3026.00,Industrial Engineering Technologists and Technicians,5.34,5.13,1.22,1.44,2.31,5.20
17-3026.01,Nanotechnology Engineering Technologists and Technicians,6.16,4.98,1.55,1.05,2.01,4.83
17-3027.00,Mechanical Engineering Technologists and Technicians,6.26,5.37,2.19,1.19,1.08,4.76
17-3027.01,Automotive Engineering Technicians,7.00,5.37,1.41,1.00,1.25,4.45
17-3028.00,Calibration Technologists and Technicians,6.30,4.13,1.12,1.56,1.00,5.59
17-3029.01,Non-Destructive Testing Specialists,6.41,4.97,1.34,1.40,1.00,4.56
17-3029.08,Photonics Technicians,7.00,4.18,1.00,1.00,1.00,5.46
17-3031.00,Surveying and Mapping Technicians,5.94,4.03,1.91,1.00,1.00,5.63
19-1011.00,Animal Scientists,5.24,6.93,1.96,1.97,2.40,3.36
19-1012.00,Food Scientists and Technologists,5.05,5.71,2.45,2.16,2.58,3.95
19-1013.00,Soil and Plant Scientists,6.43,6.71,2.11,1.67,1.71,3.41
19-1021.00,Biochemists and Biophysicists,5.11,7.00,2.61,2.15,1.83,3.64
19-1022.00,Microbiologists,5.29,7.00,1.92,1.98,1.07,3.85
19-1023.00,Zoologists and Wildlife Biologists,5.43,6.99,2.31,2.55,2.33,3.70
19-1029.01,Bioinformatics Scientists,3.81,7.00,2.51,1.64,1.26,5.04
19-1029.02,Molecular and Cellular Biologists,5.03,6.66,1.95,2.27,2.58,5.10
19-1029.03,Geneticists,4.05,7.00,2.95,2.91,1.61,4.78
19-1029.04,Biologists,4.11,7.00,2.40,2.62,2.76,4.45
19-1031.00,Conservation Scientists,5.15,5.70,1.97,2.87,3.16,3.98
19-1031.02,Range Managers,5.76,5.02,1.47,2.42,4.39,3.68
19-1031.03,Park Naturalists,4.38,4.24,3.74,4.87,3.46,3.43
19-1032.00,Foresters,5.32,4.48,1.25,2.30,3.78,4.39
19-1041.00,Epidemiologists,2.82,7.00,2.19,4.11,2.37,3.63
19-1042.00,"Medical Scientists, Except Epidemiologists",4.27,7.00,2.42,3.29,2.22,3.70
19-2011.00,Astronomers,5.07,7.00,3.28,2.71,1.87,4.04
19-2012.00,Physicists,4.94,7.00,2.75,2.12,1.77,4.80
19-2021.00,Atmospheric and Space Scientists,4.77,6.26,2.72,2.49,2.68,4.45
19-2031.00,Chemists,5.67,6.71,1.52,1.14,1.60,4.81
19-2032.00,Materials Scientists,5.82,6.59,2.17,1.39,1.86,4.15
19-2041.00,"Environmental Scientists and Specialists, Including Health",4.76,7.00,1.87,2.75,2.56,4.32
19-2041.01,Climate Change Policy Analysts,1.37,6.73,3.11,3.17,4.69,4.06
19-2041.02,Environmental Restoration Planners,5.31,6.25,2.24,2.12,3.63,4.13
19-2041.03,Industrial Ecologists,4.62,7.00,2.14,1.95,3.04,3.98
19-2042.00,"Geoscientists, Except Hydrologists and Geographers",5.59,7.00,2.72,2.24,1.65,4.16
19-2043.00,Hydrologists,5.84,6.41,1.63,2.14,2.29,4.31
19-2099.01,Remote Sensing Scientists and Technologists,4.86,6.09,1.93,1.27,1.44,4.81
19-3011.00,Economists,1.35,7.00,2.43,2.40,3.93,4.53
19-3011.01,Environmental Economists,2.74,7.00,2.53,2.28,4.11,4.08
19-3022.00,Survey Researchers,1.68,6.11,2.31,2.34,3.02,5.25
19-3032.00,Industrial-Organizational Psychologists,1.05,5.34,3.13,3.99,4.71,4.28
19-3033.00,Clinical and Counseling Psychologists,1.05,5.58,3.06,6.57,2.65,3.49
19-3034.00,School Psychologists,1.00,5.00,3.31,6.77,2.82,4.01
19-3039.02,Neuropsychologists,2.63,7.00,3.28,5.29,1.69,3.32
19-3039.03,Clinical Neuropsychologists,2.82,7.00,2.40,5.69,2.07,3.49
19-3041.00,Sociologists,1.56,6.50,3.99,4.36,3.08,3.60
19-3051.00,Urban and Regional Planners,3.22,5.31,3.06,3.03,4.46,3.96
19-3091.00,Anthropologists and Archeologists,3.99,6.84,4.21,3.67,1.63,3.19
19-3092.00,Geographers,5.11,6.74,3.69,2.72,2.10,3.69
19-3093.00,Historians,2.39,5.32,3.70,3.22,2.35,4.87
19-3094.00,Political Scientists,1.00,6.71,3.87,3.42,3.61,3.52
19-3099.01,Transportation Planners,3.59,5.60,2.01,1.76,3.14,4.87
19-4012.00,Agricultural Technicians,6.82,4.57,1.00,1.46,1.99,4.26
19-4012.01,Precision Agriculture Technicians,6.46,5.40,1.23,1.39,2.11,4.95
19-4013.00,Food Science Technicians,5.57,4.51,1.33,1.73,1.96,5.04
19-4021.00,Biological Technicians,5.60,5.36,1.20,1.97,1.31,5.62
19-4031.00,Chemical Technicians,5.45,5.80,1.51,1.64,1.13,5.25
19-4042.00,"Environmental Science and Protection Technicians, Including Health",5.83,5.60,1.23,1.93,1.35,4.93
19-4043.00,"Geological Technicians, Except Hydrologic Technicians",5.60,5.18,1.28,1.46,1.11,5.34
19-4044.00,Hydrologic Technicians,5.48,4.92,1.00,1.68,1.47,5.28
19-4051.00,Nuclear Technicians,5.75,4.57,1.00,1.83,2.26,5.07
19-4051.02,Nuclear Monitoring Technicians,6.10,4.43,1.00,1.90,1.53,5.51
19-4061.00,Social Science Research Assistants,2.38,6.08,1.89,2.67,2.27,5.93
19-4071.00,Forest and Conservation Technicians,6.53,4.37,1.00,2.81,2.47,4.72
19-4092.00,Forensic Science Technicians,5.18,5.94,1.77,1.50,1.59,4.98
19-4099.01,Quality Control Analysts,4.11,4.88,1.00,1.21,2.60,6.00
19-4099.03,Remote Sensing Technicians,5.10,4.60,2.14,1.51,1.71,5.24
19-5011.00,Occupational Health and Safety Specialists,4.45,4.98,1.28,3.45,3.20,4.70
19-5012.00,Occupational Health and Safety Technicians,5.35,4.88,1.00,2.87,2.64,5.56
21-1011.00,Substance Abuse and Behavioral Disorder Counselors,1.59,3.81,2.59,6.66,2.71,3.16
21-1012.00,"Educational, Guidance, and Career Counselors and Advisors",1.00,3.30,3.13,7.00,3.92,4.09
21-1013.00,Marriage and Family Therapists,1.49,5.32,3.58,6.22,1.78,2.90
21-1014.00,Mental Health Counselors,1.31,4.42,3.06,6.79,2.96,3.43
21-1015.00,Rehabilitation Counselors,1.23,3.27,2.98,6.80,3.56,3.26
21-1021.00,"Child, Family, and School Social Workers",1.70,3.32,2.90,6.85,2.94,3.57
21-1022.00,Healthcare Social Workers,1.96,4.24,2.34,6.92,2.55,3.07
21-1023.00,Mental Health and Substance Abuse Social Workers,1.71,4.08,2.78,6.97,2.46,3.12
21-1091.00,Health Education Specialists,1.66,5.29,2.54,6.15,3.21,3.95
21-1092.00,Probation Officers and Correctional Treatment Specialists,2.35,3.44,2.15,5.56,3.92,4.18
21-1093.00,Social and Human Service Assistants,1.28,2.80,1.95,6.09,3.61,4.57
21-1094.00,Community Health Workers,2.00,3.49,2.22,6.58,3.53,3.38
21-2011.00,Clergy,2.10,2.11,3.44,5.91,4.17,2.89
21-2021.00,"Directors, Religious Activities and Education",1.00,2.71,3.38,7.00,6.16,3.16
23-1011.00,Lawyers,1.12,4.38,2.40,3.48,5.51,4.59
23-1012.00,Judicial Law Clerks,1.60,4.01,2.07,3.38,4.51,5.10
23-1021.00,"Administrative Law Judges, Adjudicators, and Hearing Officers",1.00,4.01,1.73,3.05,5.11,5.49
23-1022.00,"Arbitrators, Mediators, and Conciliators",1.12,3.61,2.25,4.24,4.63,4.33
23-1023.00,"Judges, Magistrate Judges, and Magistrates",2.33,3.81,2.19,3.96,5.27,4.11
23-2011.00,Paralegals and Legal Assistants,1.74,5.04,2.24,3.12,3.92,5.28
23-2093.00,"Title Examiners, Abstractors, and Searchers",2.44,2.63,1.11,2.34,3.44,6.74
25-1011.00,"Business Teachers, Postsecondary",2.00,4.85,3.20,6.43,3.83,3.77
25-1021.00,"Computer Science Teachers, Postsecondary",3.09,5.69,3.32,5.88,2.26,3.97
25-1022.00,"Mathematical Science Teachers, Postsecondary",2.81,5.86,3.20,6.19,1.94,4.38
25-1031.00,"Architecture Teachers, Postsecondary",3.43,5.13,4.48,6.77,2.46,3.20
25-1032.00,"Engineering Teachers, Postsecondary",4.84,5.39,3.16,5.77,2.01,3.44
25-1041.00,"Agricultural Sciences Teachers, Postsecondary",3.97,5.36,2.92,6.24,2.61,3.51
25-1042.00,"Biological Science Teachers, Postsecondary",3.96,5.88,3.30,6.25,2.04,3.65
25-1043.00,"Forestry and Conservation Science Teachers, Postsecondary",3.97,5.91,3.15,6.47,2.42,3.34
25-1051.00,"Atmospheric, Earth, Marine, and Space Sciences Teachers, Postsecondary",4.00,5.61,3.14,6.51,2.37,3.60
25-1052.00,"Chemistry Teachers, Postsecondary",4.05,5.82,2.95,5.71,2.09,3.78
25-1053.00,"Environmental Science Teachers, Postsecondary",3.71,6.34,3.37,6.25,2.49,3.42
25-1054.00,"Physics Teachers, Postsecondary",3.77,5.98,3.28,6.06,2.35,3.64
25-1061.00,"Anthropology and Archeology Teachers, Postsecondary",3.46,5.96,3.57,6.75,2.47,3.29
25-1062.00,"Area, Ethnic, and Cultural Studies Teachers, Postsecondary",3.05,5.31,3.84,6.92,3.00,3.03
25-1063.00,"Economics Teachers, Postsecondary",2.73,5.56,3.02,6.21,3.36,3.90
25-1064.00,"Geography Teachers, Postsecondary",3.24,5.65,3.69,6.76,2.61,3.67
25-1065.00,"Political Science Teachers, Postsecondary",1.95,5.47,3.72,6.87,3.25,3.02
25-1066.00,"Psychology Teachers, Postsecondary",2.13,5.59,3.86,7.00,2.32,3.30
25-1067.00,"Sociology Teachers, Postsecondary",2.57,5.71,3.58,6.70,2.53,3.27
25-1071.00,"Health Specialties Teachers, Postsecondary",3.27,5.43,3.00,7.00,1.99,3.52
25-1072.00,"Nursing Instructors and Teachers, Postsecondary",2.94,4.91,3.29,7.00,2.13,3.15
25-1081.00,"Education Teachers, Postsecondary",2.67,4.77,3.47,7.00,2.68,3.61
25-1082.00,"Library Science Teachers, Postsecondary",2.93,5.44,3.27,6.27,2.16,4.16
25-1111.00,"Criminal Justice and Law Enforcement Teachers, Postsecondary",2.40,4.88,3.33,6.85,3.37,3.56
25-1112.00,"Law Teachers, Postsecondary",2.41,5.35,3.39,6.46,3.49,3.72
25-1113.00,"Social Work Teachers, Postsecondary",2.20,5.03,3.86,7.00,2.85,3.02
25-1121.00,"Art, Drama, and Music Teachers, Postsecondary",3.03,4.14,5.73,6.99,2.12,2.61
25-1122.00,"Communications Teachers, Postsecondary",2.18,4.62,3.82,6.95,3.13,3.58
25-1123.00,"English Language and Literature Teachers, Postsecondary",2.28,4.78,4.19,7.00,2.43,3.49
25-1124.00,"Foreign Language and Literature Teachers, Postsecondary",2.11,4.52,4.06,7.00,2.52,3.53
25-1125.00,"History Teachers, Postsecondary",2.81,5.41,3.95,6.95,2.60,3.45
25-1126.00,"Philosophy and Religion Teachers, Postsecondary",2.46,5.14,3.76,7.00,2.77,3.48
25-1192.00,"Family and Consumer Sciences Teachers, Postsecondary",2.93,4.85,3.48,7.00,2.79,3.37
25-1193.00,"Recreation and Fitness Studies Teachers, Postsecondary",3.19,4.69,3.36,7.00,2.55,3.67
25-1194.00,"Career/Technical Education Teachers, Postsecondary",3.75,4.15,3.15,6.61,2.11,3.29
25-2011.00,"Preschool Teachers, Except Special Education",2.94,2.76,3.98,7.00,2.49,3.61
25-2012.00,"Kindergarten Teachers, Except Special Education",2.68,3.11,3.99,7.00,2.48,3.80
25-2021.00,"Elementary School Teachers, Except Special Education",2.64,3.35,3.87,7.00,2.57,3.78
25-2022.00,"Middle School Teachers, Except Special and Career/Technical Education",2.59,3.31,4.10,7.00,2.66,3.56
25-2023.00,"Career/Technical Education Teachers, Middle School",3.28,3.31,3.38,7.00,2.27,3.82
25-2031.00,"Secondary School Teachers, Except Special and Career/Technical Education",2.73,3.19,3.77,7.00,2.90,3.61
25-2032.00,"Career/Technical Education Teachers, Secondary School",2.86,3.38,3.46,7.00,2.52,3.92
25-2051.00,"Special Education Teachers, Preschool",2.70,3.49,3.98,7.00,1.70,3.18
25-2055.00,"Special Education Teachers, Kindergarten",2.55,3.80,3.65,7.00,1.73,3.67
25-2056.00,"Special Education Teachers, Elementary School",2.27,3.94,3.65,7.00,1.77,3.48
25-2057.00,"Special Education Teachers, Middle School",2.32,3.92,3.96,7.00,1.80,3.30
25-2058.00,"Special Education Teachers, Secondary School",2.39,3.81,3.76,7.00,1.93,3.52
25-2059.01,Adapted Physical Education Specialists,4.12,3.65,2.46,7.00,1.88,4.17
25-3011.00,"Adult Basic Education, Adult Secondary Education, and English as a Second Language Instructors",2.32,3.14,3.91,7.00,2.85,3.38
25-3021.00,Self-Enrichment Teachers,2.51,2.97,4.18,7.00,3.20,3.08
25-3031.00,"Substitute Teachers, Short-Term",2.19,2.52,3.43,6.73,2.45,3.65
25-3041.00,Tutors,2.28,2.85,3.07,6.75,1.74,3.35
25-4011.00,Archivists,2.88,4.72,2.89,2.96,1.83,5.97
25-4012.00,Curators,2.47,3.43,2.98,3.82,3.84,5.36
25-4013.00,Museum Technicians and Conservators,5.67,3.21,3.14,2.64,1.51,4.58
25-4022.00,Librarians and Media Collections Specialists,2.32,3.63,2.65,4.04,2.75,5.83
25-4031.00,Library Technicians,3.08,2.70,1.59,4.07,1.88,6.52
25-9021.00,Farm and Home Management Educators,3.96,4.28,2.31,4.83,3.49,3.18
25-9031.00,Instructional Coordinators,1.62,4.04,3.56,6.16,4.26,3.98
25-9042.00,"Teaching Assistants, Preschool, Elementary, Middle, and Secondary School, Except Special Education",2.55,2.30,2.78,6.52,2.98,4.25
25-9043.00,"Teaching Assistants, Special Education",1.98,3.29,3.34,7.00,2.14,3.57
25-9044.00,"Teaching Assistants, Postsecondary",2.15,3.13,2.01,6.53,2.79,4.99
27-1011.00,Art Directors,2.95,2.69,7.00,2.88,5.24,3.60
27-1012.00,Craft Artists,5.89,1.85,5.93,1.68,2.86,2.66
27-1013.00,"Fine Artists, Including Painters, Sculptors, and Illustrators",4.05,2.68,7.00,2.28,2.37,2.34
27-1014.00,Special Effects Artists and Animators,3.71,2.77,7.00,2.18,2.62,3.13
27-1021.00,Commercial and Industrial Designers,4.62,4.06,5.54,1.84,3.70,3.47
27-1022.00,Fashion Designers,4.34,2.17,7.00,2.35,3.96,2.94
27-1023.00,Floral Designers,5.07,1.64,4.45,2.45,3.74,3.88
27-1024.00,Graphic Designers,3.38,2.86,7.00,2.16,3.43,3.92
27-1025.00,Interior Designers,4.12,3.07,5.56,2.68,3.70,3.82
27-1026.00,Merchandise Displayers and Window Trimmers,4.45,1.51,4.70,2.19,4.28,3.09
27-1027.00,Set and Exhibit Designers,3.70,2.75,6.69,3.04,3.93,3.27
27-2011.00,Actors,2.29,2.16,7.00,4.08,4.00,1.81
27-2012.00,Producers and Directors,2.13,2.24,6.14,3.12,5.78,3.56
27-2012.03,Media Programming Directors,1.43,2.25,4.09,3.68,6.55,4.63
27-2012.04,Talent Directors,1.22,1.42,5.69,4.27,5.93,3.57
27-2012.05,Media Technical Directors/Managers,3.96,2.78,3.44,2.61,5.18,4.47
27-2021.00,Athletes and Sports Competitors,5.18,1.40,2.14,4.30,4.53,3.01
27-2022.00,Coaches and Scouts,4.25,2.15,2.43,5.31,5.15,3.45
27-2023.00,"Umpires, Referees, and Other Sports Officials",4.30,1.60,1.15,3.44,5.77,4.53
27-2031.00,Dancers,4.83,1.43,6.39,3.65,3.18,1.61
27-2032.00,Choreographers,3.63,2.22,7.00,3.96,3.77,2.13
27-2041.00,Music Directors and Composers,2.07,2.28,7.00,3.04,4.82,2.63
27-2042.00,Musicians and Singers,2.87,1.53,6.66,3.41,3.42,2.17
27-2091.00,"Disc Jockeys, Except Radio",3.00,1.55,4.82,2.93,3.55,3.50
27-3011.00,Broadcast Announcers and Radio Disc Jockeys,1.66,2.01,5.68,3.54,4.38,3.11
27-3023.00,"News Analysts, Reporters, and Journalists",1.47,4.16,5.09,2.80,3.95,3.64
27-3031.00,Public Relations Specialists,1.00,2.72,4.68,3.94,5.82,3.45
27-3041.00,Editors,1.03,2.90,5.39,2.56,4.13,4.68
27-3042.00,Technical Writers,2.78,3.69,4.23,2.01,1.97,5.32
27-3043.00,Writers and Authors,1.00,3.25,6.68,2.86,4.75,3.34
27-3043.05,"Poets, Lyricists and Creative Writers",1.17,3.58,7.00,2.83,3.17,2.88
27-3091.00,Interpreters and Translators,1.89,3.19,4.28,3.48,1.90,4.79
27-3092.00,Court Reporters and Simultaneous Captioners,2.21,2.13,2.92,2.90,2.64,5.62
27-4011.00,Audio and Video Technicians,5.20,2.74,3.24,1.97,1.87,4.58
27-4012.00,Broadcast Technicians,4.80,2.99,2.82,2.13,2.50,5.14
27-4014.00,Sound Engineering Technicians,5.14,2.68,4.45,1.69,2.16,4.22
27-4015.00,Lighting Technicians,6.99,2.02,2.38,1.24,1.95,4.11
27-4021.00,Photographers,5.54,2.18,5.28,1.94,2.28,3.35
27-4031.00,"Camera Operators, Television, Video, and Film",4.89,2.00,5.04,1.80,2.28,3.65
27-4032.00,Film and Video Editors,3.14,1.91,5.61,1.96,3.08,3.75
29-1011.00,Chiropractors,5.53,4.77,1.34,5.56,2.13,3.55
29-1021.00,"Dentists, General",5.23,5.48,1.17,4.41,2.00,3.71
29-1022.00,Oral and Maxillofacial Surgeons,5.75,5.84,1.17,4.47,2.17,3.60
29-1023.00,Orthodontists,5.60,5.72,1.57,4.01,1.45,4.58
29-1024.00,Prosthodontists,6.17,5.54,1.78,4.59,1.43,3.22
29-1031.00,Dietitians and Nutritionists,3.03,4.80,2.40,5.50,3.42,3.35
29-1041.00,Optometrists,4.80,5.78,1.60,5.02,2.27,3.92
29-1051.00,Pharmacists,2.82,5.67,1.48,4.88,2.62,4.56
29-1071.00,Physician Assistants,4.00,4.94,1.16,5.89,1.98,4.46
29-1071.01,Anesthesiologist Assistants,4.40,4.62,1.00,4.90,1.89,5.10
29-1081.00,Podiatrists,5.29,5.77,1.72,4.94,2.14,3.27
29-1122.00,Occupational Therapists,3.57,4.23,3.07,6.08,1.83,3.12
29-1122.01,"Low Vision Therapists, Orientation and Mobility Specialists, and Vision Rehabilitation Therapists",3.93,3.89,3.20,6.52,2.12,2.83
29-1123.00,Physical Therapists,4.33,4.87,2.17,5.91,2.49,3.07
29-1124.00,Radiation Therapists,4.96,4.64,1.24,4.77,1.72,4.48
29-1125.00,Recreational Therapists,3.69,4.32,2.87,6.82,2.51,2.67
29-1126.00,Respiratory Therapists,5.03,4.73,1.00,4.88,1.68,3.93
29-1127.00,Speech-Language Pathologists,2.62,5.57,3.00,6.09,1.44,4.03
29-1128.00,Exercise Physiologists,5.26,4.92,1.49,4.74,2.99,3.75
29-1129.01,Art Therapists,2.99,3.67,5.49,5.64,2.32,2.86
29-1129.02,Music Therapists,2.36,4.18,4.76,5.23,2.51,3.15
29-1131.00,Veterinarians,5.98,5.98,1.00,3.45,1.70,3.47
29-1141.00,Registered Nurses,3.46,4.71,1.34,5.57,2.38,4.75
29-1141.01,Acute Care Nurses,3.70,5.66,1.75,5.80,1.76,3.32
29-1141.02,Advanced Practice Psychiatric Nurses,2.59,5.90,2.82,6.07,2.04,3.35
29-1141.03,Critical Care Nurses,3.91,5.02,1.70,5.56,2.20,4.23
29-1141.04,Clinical Nurse Specialists,2.34,4.86,1.81,6.23,3.69,4.04
29-1151.00,Nurse Anesthetists,4.78,5.06,1.00,5.35,1.96,4.15
29-1161.00,Nurse Midwives,3.24,4.25,1.94,5.96,2.97,3.40
29-1171.00,Nurse Practitioners,3.56,5.54,1.38,5.52,2.07,4.06
29-1181.00,Audiologists,3.98,5.93,2.18,5.92,1.81,3.97
29-1211.00,Anesthesiologists,5.18,5.73,1.17,5.25,2.50,3.69
29-1212.00,Cardiologists,4.96,6.87,1.15,4.73,2.28,4.00
29-1213.00,Dermatologists,4.81,6.44,1.87,4.65,1.77,3.83
29-1214.00,Emergency Medicine Physicians,4.15,5.64,1.00,5.60,2.68,4.22
29-1215.00,Family Medicine Physicians,3.75,6.08,1.45,6.21,2.34,3.95
29-1216.00,General Internal Medicine Physicians,4.43,6.81,1.44,6.08,2.10,3.63
29-1217.00,Neurologists,4.10,7.00,2.08,5.02,2.39,3.69
29-1218.00,Obstetricians and Gynecologists,4.59,5.50,1.45,5.45,2.74,3.72
29-1221.00,"Pediatricians, General",3.64,6.18,1.88,6.64,2.54,3.58
29-1222.00,"Physicians, Pathologists",4.86,7.00,1.36,3.60,1.76,4.72
29-1223.00,Psychiatrists,2.30,6.59,2.65,5.83,1.95,3.60
29-1224.00,Radiologists,4.89,6.62,1.37,3.85,2.17,4.47
29-1229.01,Allergists and Immunologists,3.84,6.95,1.85,5.30,2.20,3.67
29-1229.02,Hospitalists,3.55,4.58,1.64,6.27,3.14,3.90
29-1229.03,Urologists,4.85,6.85,1.31,5.45,2.22,3.43
29-1229.04,Physical Medicine and Rehabilitation Physicians,4.92,6.26,1.87,6.00,1.69,3.00
29-1229.05,Preventive Medicine Physicians,3.37,6.70,1.88,5.43,2.37,3.39
29-1229.06,Sports Medicine Physicians,5.19,5.36,1.20,5.27,3.34,3.52
29-1241.00,"Ophthalmologists, Except Pediatric",4.40,6.24,1.70,5.46,2.98,3.72
29-1242.00,"Orthopedic Surgeons, Except Pediatric",5.08,6.50,1.48,4.82,2.36,3.91
29-1243.00,Pediatric Surgeons,4.95,6.52,1.55,4.99,2.43,3.91
29-1291.00,Acupuncturists,4.80,5.49,2.08,5.65,1.60,3.06
29-1292.00,Dental Hygienists,5.27,4.52,1.12,5.35,1.73,4.31
29-1299.01,Naturopathic Physicians,4.53,5.89,1.81,5.73,1.98,3.25
29-1299.02,Orthoptists,4.88,5.74,1.88,4.77,1.47,3.82
29-2011.00,Medical and Clinical Laboratory Technologists,5.81,6.15,1.13,2.77,1.51,4.99
29-2011.01,Cytogenetic Technologists,5.32,5.91,1.48,1.93,1.56,5.02
29-2011.02,Cytotechnologists,5.92,6.06,1.10,2.41,1.84,4.89
29-2011.04,Histotechnologists,5.72,6.56,1.31,2.89,1.05,5.16
29-2012.00,Medical and Clinical Laboratory Technicians,6.01,5.89,1.00,2.88,1.00,4.85
29-2012.01,Histology Technicians,6.29,5.37,1.26,2.12,1.00,5.03
29-2031.00,Cardiovascular Technologists and Technicians,5.61,5.31,1.00,4.25,1.30,4.70
29-2032.00,Diagnostic Medical Sonographers,5.87,4.75,1.32,4.10,1.51,5.05
29-2033.00,Nuclear Medicine Technologists,5.99,5.57,1.00,3.08,1.31,5.20
29-2034.00,Radiologic Technologists and Technicians,5.90,4.88,1.00,3.41,1.00,5.08
29-2035.00,Magnetic Resonance Imaging Technologists,5.46,4.79,1.00,3.51,1.27,4.93
29-2036.00,Medical Dosimetrists,4.57,5.30,1.32,3.57,2.21,5.00
29-2042.00,Emergency Medical Technicians,5.46,4.57,1.00,5.56,1.56,3.76
29-2043.00,Paramedics,5.20,5.03,1.00,5.49,1.91,3.42
29-2051.00,Dietetic Technicians,3.81,3.45,2.54,5.05,2.57,3.82
29-2052.00,Pharmacy Technicians,4.21,2.99,1.00,3.32,2.52,7.00
29-2053.00,Psychiatric Technicians,3.29,4.57,2.12,6.93,1.46,3.46
29-2055.00,Surgical Technologists,6.26,3.22,1.00,3.82,1.61,4.85
29-2056.00,Veterinary Technologists and Technicians,6.71,5.26,1.00,3.02,1.00,4.56
29-2057.00,Ophthalmic Medical Technicians,5.33,4.81,1.00,4.64,1.75,4.41
29-2061.00,Licensed Practical and Licensed Vocational Nurses,4.58,3.67,1.05,5.50,2.13,4.58
29-2072.00,Medical Records Specialists,2.86,4.33,1.00,3.41,1.88,6.95
29-2081.00,"Opticians, Dispensing",4.35,2.28,1.41,3.05,3.33,5.43
29-2091.00,Orthotists and Prosthetists,6.00,5.10,1.99,4.30,1.56,3.58
29-2092.00,Hearing Aid Specialists,3.87,4.38,1.73,4.55,1.73,4.40
29-2099.01,Neurodiagnostic Technologists,5.32,5.81,1.41,3.71,1.42,4.47
29-2099.05,Ophthalmic Medical Technologists,5.41,4.71,1.12,4.32,2.02,4.73
29-2099.08,Patient Representatives,1.27,4.06,1.59,6.62,3.12,3.83
29-9021.00,Health Information Technologists and Medical Registrars,2.58,5.17,1.18,3.83,2.20,5.95
29-9091.00,Athletic Trainers,5.63,4.40,1.15,5.75,2.24,3.22
29-9092.00,Genetic Counselors,1.66,5.86,2.34,5.45,2.73,3.89
29-9093.00,Surgical Assistants,5.70,3.45,1.00,3.84,1.78,4.40
29-9099.01,Midwives,3.98,3.54,1.91,6.04,2.70,3.26
31-1121.00,Home Health Aides,4.23,3.18,1.48,6.33,1.77,3.51
31-1122.00,Personal Care Aides,3.51,1.80,1.79,6.19,2.55,3.92
31-1131.00,Nursing Assistants,4.58,2.72,1.00,5.70,1.77,4.24
31-1132.00,Orderlies,5.42,2.05,1.00,4.17,1.19,4.84
31-1133.00,Psychiatric Aides,3.44,4.04,1.83,6.81,1.68,3.74
31-2011.00,Occupational Therapy Assistants,3.53,3.48,2.06,6.10,1.14,4.21
31-2012.00,Occupational Therapy Aides,3.91,2.55,1.69,6.00,1.82,3.72
31-2021.00,Physical Therapist Assistants,4.45,3.65,1.53,6.41,1.31,3.76
31-2022.00,Physical Therapist Aides,4.74,2.58,1.07,5.95,2.06,3.92
31-9011.00,Massage Therapists,4.84,3.79,2.23,5.75,2.10,2.66
31-9091.00,Dental Assistants,4.48,3.55,1.00,4.37,1.34,5.43
31-9092.00,Medical Assistants,4.06,3.80,1.00,4.80,1.98,5.75
31-9093.00,Medical Equipment Preparers,6.77,3.42,1.00,2.36,1.00,5.53
31-9094.00,Medical Transcriptionists,2.47,3.60,1.74,3.69,1.26,6.25
31-9095.00,Pharmacy Aides,3.75,1.57,1.00,3.11,3.84,6.79
31-9096.00,Veterinary Assistants and Laboratory Animal Caretakers,6.33,4.25,1.00,3.51,1.00,3.96
31-9097.00,Phlebotomists,5.44,4.69,1.00,3.60,1.40,5.42
31-9099.01,Speech-Language Pathology Assistants,2.47,4.37,2.65,5.48,1.53,5.00
31-9099.02,Endoscopy Technicians,6.46,4.09,1.00,3.00,1.07,5.14
33-1011.00,First-Line Supervisors of Correctional Officers,3.58,1.80,1.00,4.54,6.32,5.06
33-1012.00,First-Line Supervisors of Police and Detectives,3.45,2.34,1.01,3.78,6.88,5.09
33-1021.00,First-Line Supervisors of Firefighting and Prevention Workers,5.14,2.26,1.00,3.72,6.15,4.66
33-1091.00,First-Line Supervisors of Security Workers,4.38,1.82,1.00,3.57,5.95,5.10
33-2011.00,Firefighters,6.49,2.92,1.31,3.39,3.01,3.47
33-2021.00,Fire Inspectors and Investigators,5.49,4.33,1.02,2.59,3.32,5.18
33-2022.00,Forest Fire Inspectors and Prevention Specialists,6.35,3.56,1.11,3.18,3.41,4.57
33-3011.00,Bailiffs,4.79,2.16,1.00,3.28,4.00,4.48
33-3012.00,Correctional Officers and Jailers,5.33,1.69,1.05,3.86,3.16,4.81
33-3021.00,Detectives and Criminal Investigators,4.18,4.90,1.20,2.73,4.04,4.83
33-3021.02,Police Identification and Records Officers,4.83,3.68,1.58,1.97,2.93,5.64
33-3021.06,Intelligence Analysts,2.33,5.77,2.11,1.91,3.84,5.37
33-3031.00,Fish and Game Wardens,6.40,3.91,1.00,2.38,3.02,4.24
33-3041.00,Parking Enforcement Workers,6.37,1.43,1.00,2.61,3.25,5.11
33-3051.00,Police and Sheriff's Patrol Officers,5.36,2.76,1.07,3.45,4.08,4.35
33-3051.04,Customs and Border Protection Officers,3.39,2.64,1.00,2.60,4.29,5.27
33-3052.00,Transit and Railroad Police,6.17,2.28,1.00,2.51,3.21,4.94
33-9011.00,Animal Control Workers,5.93,3.59,1.00,2.63,2.17,3.89
33-9021.00,Private Detectives and Investigators,2.39,3.90,1.42,2.87,4.07,5.45
33-9031.00,Gambling Surveillance Officers and Gambling Investigators,4.14,2.17,1.00,2.15,4.78,5.62
33-9032.00,Security Guards,6.41,2.29,1.00,2.64,2.88,4.76
33-9091.00,Crossing Guards and Flaggers,5.86,1.65,1.11,3.08,3.00,3.62
33-9092.00,"Lifeguards, Ski Patrol, and Other Recreational Protective Service Workers",6.27,2.37,1.00,4.24,2.88,3.44
33-9093.00,Transportation Security Screeners,5.21,2.01,1.00,2.45,2.61,5.51
33-9094.00,School Bus Monitors,3.43,1.51,1.74,5.25,1.95,4.76
33-9099.02,Retail Loss Prevention Specialists,3.90,3.44,1.00,2.71,4.77,5.67
35-1011.00,Chefs and Head Cooks,4.84,1.68,2.72,2.95,5.13,4.35
35-1012.00,First-Line Supervisors of Food Preparation and Serving Workers,4.60,1.38,1.25,3.37,6.36,4.72
35-2011.00,"Cooks, Fast Food",6.33,1.38,1.85,2.42,3.36,4.32
35-2012.00,"Cooks, Institution and Cafeteria",5.90,1.83,2.01,3.17,3.16,4.35
35-2013.00,"Cooks, Private Household",4.98,1.40,3.77,3.78,3.55,3.71
35-2014.00,"Cooks, Restaurant",5.63,1.56,2.71,2.88,3.69,3.80
35-2015.00,"Cooks, Short Order",6.13,1.00,2.27,3.19,3.68,4.37
35-2021.00,Food Preparation Workers,6.40,1.35,1.90,2.71,2.23,4.18
35-3011.00,Bartenders,4.65,1.00,2.30,3.74,3.85,4.53
35-3023.00,Fast Food and Counter Workers,4.83,1.00,1.45,3.48,3.45,4.96
35-3023.01,Baristas,5.58,1.07,2.63,3.70,3.24,3.70
35-3031.00,Waiters and Waitresses,4.12,1.00,1.84,4.72,4.06,4.95
35-3041.00,"Food Servers, Nonrestaurant",4.84,1.46,2.10,4.23,2.85,3.87
35-9011.00,Dining Room and Cafeteria Attendants and Bartender Helpers,5.63,1.00,1.02,3.66,2.26,4.57
35-9021.00,Dishwashers,7.00,1.00,1.00,1.83,1.44,4.45
35-9031.00,"Hosts and Hostesses, Restaurant, Lounge, and Coffee Shop",3.19,1.00,1.73,5.24,4.44,4.09
37-1011.00,First-Line Supervisors of Housekeeping and Janitorial Workers,4.14,1.38,1.00,3.63,5.70,5.35
37-1012.00,"First-Line Supervisors of Landscaping, Lawn Service, and Groundskeeping Workers",4.55,1.77,1.03,3.01,6.11,5.24
37-2011.00,"Janitors and Cleaners, Except Maids and Housekeeping Cleaners",6.73,1.15,1.00,2.11,1.67,4.61
37-2012.00,Maids and Housekeeping Cleaners,6.08,1.00,1.39,2.49,1.47,4.60
37-2021.00,Pest Control Workers,6.85,2.94,1.00,1.67,2.21,4.17
37-3011.00,Landscaping and Groundskeeping Workers,7.00,1.62,1.90,1.45,1.81,3.35
37-3012.00,"Pesticide Handlers, Sprayers, and Applicators, Vegetation",6.51,2.73,1.00,1.95,1.42,3.67
37-3013.00,Tree Trimmers and Pruners,7.00,2.13,1.00,1.79,1.22,3.09
39-1013.00,First-Line Supervisors of Gambling Services Workers,3.70,1.00,1.00,3.02,5.93,5.49
39-1014.00,"First-Line Supervisors of Entertainment and Recreation Workers, Except Gambling Services",2.90,1.03,1.79,4.40,7.00,4.72
39-1022.00,First-Line Supervisors of Personal Service Workers,3.37,1.10,1.09,3.98,6.85,5.11
39-2011.00,Animal Trainers,6.52,2.30,1.76,3.61,2.08,2.97
39-2021.00,Animal Caretakers,6.17,2.75,1.63,3.75,1.52,3.25
39-3011.00,Gambling Dealers,3.71,1.00,1.10,2.16,5.18,5.46
39-3012.00,Gambling and Sports Book Writers and Runners,2.78,1.00,1.02,2.92,4.99,5.97
39-3021.00,Motion Picture Projectionists,5.44,2.02,3.10,2.02,1.99,4.39
39-3031.00,"Ushers, Lobby Attendants, and Ticket Takers",3.21,1.00,1.41,4.69,4.19,4.75
39-3091.00,Amusement and Recreation Attendants,4.23,1.00,1.68,4.35,3.83,4.72
39-3092.00,Costume Attendants,3.88,1.00,5.61,3.26,2.84,4.27
39-3093.00,"Locker Room, Coatroom, and Dressing Room Attendants",4.16,1.00,1.56,4.14,2.49,5.59
39-4011.00,Embalmers,5.84,2.57,1.61,3.40,2.65,3.85
39-4012.00,Crematory Operators,5.96,2.11,1.46,2.73,1.49,4.36
39-4021.00,Funeral Attendants,4.95,1.07,1.82,3.93,3.67,4.34
39-4031.00,"Morticians, Undertakers, and Funeral Arrangers",3.55,1.40,1.75,4.41,4.66,4.67
39-5011.00,Barbers,5.39,1.00,2.71,3.58,3.55,3.89
39-5012.00,"Hairdressers, Hairstylists, and Cosmetologists",5.40,1.54,3.24,3.72,3.25,3.92
39-5091.00,"Makeup Artists, Theatrical and Performance",4.33,1.37,6.72,3.00,3.08,3.01
39-5092.00,Manicurists and Pedicurists,5.63,1.30,2.29,3.06,2.35,3.67
39-5093.00,Shampooers,5.53,1.35,1.56,3.75,2.47,3.37
39-5094.00,Skincare Specialists,5.48,2.04,2.95,4.18,3.12,3.37
39-6011.00,Baggage Porters and Bellhops,4.92,1.00,1.00,3.51,2.55,4.82
39-6012.00,Concierges,2.70,1.00,2.29,5.34,4.67,4.18
39-7011.00,Tour Guides and Escorts,3.33,2.40,3.46,5.35,3.64,2.85
39-7012.00,Travel Guides,2.45,2.34,2.45,4.84,4.61,4.30
39-9011.00,Childcare Workers,3.08,1.48,3.58,6.18,2.75,3.44
39-9011.01,Nannies,2.91,2.19,3.50,6.30,2.68,3.34
39-9031.00,Exercise Trainers and Group Fitness Instructors,5.23,2.71,2.40,5.62,3.51,2.98
39-9032.00,Recreation Workers,3.75,1.98,3.05,4.90,4.51,3.46
39-9041.00,Residential Advisors,2.82,2.37,2.25,5.28,3.81,4.63
41-1011.00,First-Line Supervisors of Retail Sales Workers,2.75,1.14,1.00,3.64,7.00,5.61
41-1012.00,First-Line Supervisors of Non-Retail Sales Workers,1.74,1.11,1.00,4.08,7.00,5.31
41-2011.00,Cashiers,2.90,1.00,1.00,2.59,3.62,6.21
41-2012.00,Gambling Change Persons and Booth Cashiers,3.07,1.00,1.06,2.43,4.19,6.36
41-2021.00,Counter and Rental Clerks,3.17,1.00,1.27,3.30,3.86,5.90
41-2022.00,Parts Salespersons,5.64,1.60,1.00,1.96,3.83,5.12
41-2031.00,Retail Salespersons,3.20,1.00,1.98,2.96,6.13,5.17
41-3011.00,Advertising Sales Agents,1.18,1.52,3.64,2.96,6.65,4.34
41-3021.00,Insurance Sales Agents,1.00,2.25,1.09,3.71,5.95,5.46
41-3031.00,"Securities, Commodities, and Financial Services Sales Agents",1.26,2.53,1.29,3.07,6.08,5.27
41-3041.00,Travel Agents,1.15,1.51,1.90,4.31,5.78,5.77
41-3091.00,"Sales Representatives of Services, Except Advertising, Insurance, Financial Services, and Travel",1.07,1.94,1.45,3.75,6.73,5.07
41-4011.00,"Sales Representatives, Wholesale and Manufacturing, Technical and Scientific Products",2.80,3.15,1.44,3.12,5.27,5.14
41-4011.07,Solar Sales Representatives and Assessors,3.52,2.73,1.39,2.75,5.56,4.43
41-4012.00,"Sales Representatives, Wholesale and Manufacturing, Except Technical and Scientific Products",2.63,2.24,1.65,2.69,6.12,4.92
41-9011.00,Demonstrators and Product Promoters,3.24,1.89,3.31,3.26,5.38,3.56
41-9012.00,Models,5.01,1.09,6.91,2.49,3.71,2.26
41-9021.00,Real Estate Brokers,2.71,1.52,1.00,2.90,6.48,5.76
41-9022.00,Real Estate Sales Agents,2.12,1.47,1.92,3.52,6.46,4.94
41-9031.00,Sales Engineers,3.38,3.58,1.76,2.82,5.78,4.51
41-9041.00,Telemarketers,1.87,1.09,1.24,3.61,5.36,5.07
41-9091.00,"Door-to-Door Sales Workers, News and Street Vendors, and Related Workers",3.56,1.00,2.04,2.79,5.52,4.70
43-1011.00,First-Line Supervisors of Office and Administrative Support Workers,1.58,1.38,1.00,4.33,6.90,5.70
43-2011.00,"Switchboard Operators, Including Answering Service",3.63,1.39,1.00,2.91,3.18,5.95
43-2021.00,Telephone Operators,3.23,1.14,1.00,4.05,3.33,6.21
43-3011.00,Bill and Account Collectors,2.08,1.00,1.00,3.26,4.36,7.00
43-3021.00,Billing and Posting Clerks,2.83,1.59,1.00,1.47,2.76,7.00
43-3031.00,"Bookkeeping, Accounting, and Auditing Clerks",1.63,2.18,1.00,1.49,2.87,7.00
43-3041.00,Gambling Cage Workers,2.90,1.00,1.00,2.91,4.66,5.98
43-3051.00,Payroll and Timekeeping Clerks,1.85,1.05,1.00,1.91,3.32,7.00
43-3061.00,Procurement Clerks,3.17,1.71,1.00,1.63,4.13,7.00
43-3071.00,Tellers,2.27,1.42,1.00,2.44,4.19,6.88
43-4011.00,Brokerage Clerks,2.10,1.27,1.00,2.32,4.51,6.96
43-4021.00,Correspondence Clerks,1.32,2.52,1.57,2.70,3.43,6.86
43-4031.00,"Court, Municipal, and License Clerks",1.97,1.91,1.11,3.52,4.24,6.16
43-4041.00,"Credit Authorizers, Checkers, and Clerks",1.00,1.87,1.00,3.39,4.48,7.00
43-4051.00,Customer Service Representatives,1.97,1.63,1.00,3.77,5.08,6.32
43-4061.00,"Eligibility Interviewers, Government Programs",1.00,2.45,1.00,4.46,3.92,6.32
43-4071.00,File Clerks,2.41,1.28,1.01,2.05,1.76,7.00
43-4081.00,"Hotel, Motel, and Resort Desk Clerks",2.62,1.00,1.35,4.49,3.80,5.72
43-4111.00,"Interviewers, Except Eligibility and Loan",1.00,1.92,1.38,4.12,3.66,6.01
43-4121.00,"Library Assistants, Clerical",2.91,2.00,1.29,3.77,2.18,6.89
43-4131.00,Loan Interviewers and Clerks,1.00,2.18,1.00,3.40,4.61,6.92
43-4141.00,New Accounts Clerks,1.37,1.91,1.00,3.66,4.65,6.86
43-4151.00,Order Clerks,2.57,1.00,1.00,2.52,4.54,6.97
43-4161.00,"Human Resources Assistants, Except Payroll and Timekeeping",1.43,1.35,1.00,3.24,3.91,7.00
43-4171.00,Receptionists and Information Clerks,1.95,1.79,1.10,3.57,4.26,6.30
43-4181.00,Reservation and Transportation Ticket Agents and Travel Clerks,2.12,1.00,1.32,4.39,4.08,5.54
43-5011.00,Cargo and Freight Agents,3.15,1.52,1.00,2.14,4.83,6.32
43-5011.01,Freight Forwarders,3.51,2.59,1.00,1.84,3.94,5.60
43-5021.00,Couriers and Messengers,4.47,1.07,1.00,2.96,2.86,5.07
43-5031.00,Public Safety Telecommunicators,4.33,2.91,1.00,3.65,2.89,5.52
43-5032.00,"Dispatchers, Except Police, Fire, and Ambulance",5.27,1.42,1.00,2.69,2.92,5.40
43-5041.00,"Meter Readers, Utilities",4.91,2.53,1.00,2.15,1.28,6.58
43-5051.00,Postal Service Clerks,3.21,1.00,1.00,2.57,2.71,6.55
43-5052.00,Postal Service Mail Carriers,3.56,1.00,1.00,2.69,2.91,6.27
43-5053.00,"Postal Service Mail Sorters, Processors, and Processing Machine Operators",4.60,1.54,1.00,1.83,1.66,5.91
43-5061.00,"Production, Planning, and Expediting Clerks",3.12,1.20,1.14,2.11,4.91,5.92
43-5071.00,"Shipping, Receiving, and Inventory Clerks",3.98,1.24,1.00,1.37,3.11,7.00
43-5111.00,"Weighers, Measurers, Checkers, and Samplers, Recordkeeping",5.31,2.37,1.00,1.00,1.76,6.37
43-6011.00,Executive Secretaries and Executive Administrative Assistants,1.32,1.94,1.35,3.94,5.51,6.41
43-6012.00,Legal Secretaries and Administrative Assistants,1.41,2.91,1.55,3.17,4.42,6.69
43-6013.00,Medical Secretaries and Administrative Assistants,2.29,3.02,1.00,4.13,3.17,6.67
43-6014.00,"Secretaries and Administrative Assistants, Except Legal, Medical, and Executive",1.98,1.37,1.00,3.61,4.18,6.95
43-9021.00,Data Entry Keyers,3.05,2.31,1.00,1.19,1.67,7.00
43-9022.00,Word Processors and Typists,2.87,1.94,2.26,2.23,1.86,6.59
43-9031.00,Desktop Publishers,3.38,2.84,4.24,1.69,1.71,5.70
43-9041.00,Insurance Claims and Policy Processing Clerks,1.24,2.43,1.00,2.56,3.86,7.00
43-9051.00,"Mail Clerks and Mail Machine Operators, Except Postal Service",4.01,1.00,1.00,2.01,2.14,6.46
43-9061.00,"Office Clerks, General",2.92,1.85,1.00,3.06,3.20,6.84
43-9071.00,"Office Machine Operators, Except Computer",4.55,2.13,1.16,1.68,2.06,6.57
43-9081.00,Proofreaders and Copy Markers,1.44,2.50,3.56,2.20,1.53,6.16
43-9111.00,Statistical Assistants,2.37,4.48,1.00,1.40,1.74,7.00
45-1011.00,"First-Line Supervisors of Farming, Fishing, and Forestry Workers",5.53,2.23,1.00,2.89,6.01,4.66
45-2011.00,Agricultural Inspectors,5.35,4.04,1.00,1.89,3.12,5.17
45-2021.00,Animal Breeders,6.36,3.40,1.45,2.38,2.00,3.58
45-2041.00,"Graders and Sorters, Agricultural Products",5.64,2.48,1.67,1.50,2.16,5.00
45-2091.00,Agricultural Equipment Operators,7.00,2.50,1.00,1.00,1.34,3.67
45-2092.00,"Farmworkers and Laborers, Crop, Nursery, and Greenhouse",7.00,2.32,1.28,1.86,2.37,3.36
45-2093.00,"Farmworkers, Farm, Ranch, and Aquacultural Animals",6.78,2.66,1.42,2.50,1.92,2.95
45-3031.00,Fishing and Hunting Workers,7.00,2.27,1.06,1.03,1.99,3.29
45-4011.00,Forest and Conservation Workers,7.00,3.33,1.00,2.71,3.03,4.07
45-4021.00,Fallers,7.00,2.48,1.13,1.92,1.57,3.32
45-4022.00,Logging Equipment Operators,6.83,1.81,1.00,1.11,1.10,4.40
45-4023.00,Log Graders and Scalers,4.98,2.37,1.00,1.10,1.76,6.31
47-1011.00,First-Line Supervisors of Construction Trades and Extraction Workers,4.67,1.90,1.00,2.92,6.00,4.95
47-1011.03,Solar Energy Installation Managers,5.86,2.65,1.27,1.74,4.85,4.19
47-2011.00,Boilermakers,7.00,2.31,1.00,1.00,1.00,3.72
47-2021.00,Brickmasons and Blockmasons,6.95,2.02,1.67,1.11,1.21,3.82
47-2022.00,Stonemasons,7.00,2.14,2.90,1.86,1.29,3.00
47-2031.00,Carpenters,6.75,1.91,2.18,1.90,1.79,3.46
47-2041.00,Carpet Installers,7.00,1.13,1.94,1.29,1.00,3.50
47-2042.00,"Floor Layers, Except Carpet, Wood, and Hard Tiles",7.00,1.39,1.83,1.56,1.00,3.68
47-2043.00,Floor Sanders and Finishers,7.00,1.39,1.37,1.43,1.54,3.33
47-2044.00,Tile and Stone Setters,7.00,1.47,2.53,1.34,1.00,3.66
47-2051.00,Cement Masons and Concrete Finishers,7.00,2.29,1.66,1.00,1.00,3.27
47-2053.00,Terrazzo Workers and Finishers,7.00,1.80,1.93,1.00,1.00,3.28
47-2061.00,Construction Laborers,7.00,2.68,1.38,1.23,1.35,3.61
47-2071.00,"Paving, Surfacing, and Tamping Equipment Operators",7.00,1.72,1.00,1.00,1.00,3.69
47-2072.00,Pile Driver Operators,7.00,1.94,1.00,1.02,1.15,3.61
47-2073.00,Operating Engineers and Other Construction Equipment Operators,7.00,2.93,1.00,1.14,1.26,3.88
47-2081.00,Drywall and Ceiling Tile Installers,7.00,1.96,2.30,1.18,1.00,3.14
47-2082.00,Tapers,6.49,1.64,1.73,1.45,1.08,3.44
47-2111.00,Electricians,7.00,2.70,1.24,1.32,1.81,4.09
47-2121.00,Glaziers,6.32,2.09,2.33,1.68,1.67,3.59
47-2131.00,"Insulation Workers, Floor, Ceiling, and Wall",6.78,1.78,1.30,1.05,1.00,3.97
47-2132.00,"Insulation Workers, Mechanical",6.92,2.42,1.00,1.24,1.00,4.25
47-2141.00,"Painters, Construction and Maintenance",7.00,1.47,2.51,1.26,1.00,3.50
47-2142.00,Paperhangers,5.86,1.00,2.97,1.58,1.14,3.90
47-2151.00,Pipelayers,7.00,2.43,1.00,1.30,1.14,3.54
47-2152.00,"Plumbers, Pipefitters, and Steamfitters",7.00,2.20,1.00,1.16,1.00,3.72
47-2152.04,Solar Thermal Installers and Technicians,7.00,2.69,1.13,1.70,1.60,3.66
47-2161.00,Plasterers and Stucco Masons,7.00,1.56,2.56,1.38,1.05,3.30
47-2171.00,Reinforcing Iron and Rebar Workers,7.00,2.18,1.12,1.20,1.33,3.50
47-2181.00,Roofers,7.00,1.30,1.21,1.48,1.59,3.54
47-2211.00,Sheet Metal Workers,7.00,2.07,1.55,1.00,1.00,3.58
47-2221.00,Structural Iron and Steel Workers,7.00,2.79,1.41,1.17,1.24,3.73
47-2231.00,Solar Photovoltaic Installers,7.00,2.65,1.39,1.19,1.73,4.08
47-3011.00,"Helpers--Brickmasons, Blockmasons, Stonemasons, and Tile and Marble Setters",7.00,1.35,1.57,1.88,1.00,3.33
47-3012.00,Helpers--Carpenters,6.91,1.29,1.40,2.14,1.61,3.46
47-3013.00,Helpers--Electricians,7.00,2.21,1.00,2.05,1.00,3.94
47-3014.00,"Helpers--Painters, Paperhangers, Plasterers, and Stucco Masons",6.52,1.11,1.78,2.43,1.36,3.47
47-3015.00,"Helpers--Pipelayers, Plumbers, Pipefitters, and Steamfitters",6.96,1.37,1.00,1.86,1.25,3.66
47-3016.00,Helpers--Roofers,6.95,1.00,1.00,1.96,1.41,3.61
47-4011.00,Construction and Building Inspectors,6.17,4.10,1.22,1.46,2.15,5.41
47-4011.01,Energy Auditors,4.53,4.17,1.00,1.89,3.34,5.93
47-4021.00,Elevator and Escalator Installers and Repairers,7.00,2.44,1.00,1.38,1.22,3.92
47-4031.00,Fence Erectors,7.00,2.08,1.35,1.35,1.00,3.68
47-4041.00,Hazardous Materials Removal Workers,7.00,2.57,1.00,1.48,1.19,4.36
47-4051.00,Highway Maintenance Workers,7.00,1.70,1.04,1.77,1.47,3.52
47-4061.00,Rail-Track Laying and Maintenance Equipment Operators,7.00,1.70,1.00,1.00,1.00,4.11
47-4071.00,Septic Tank Servicers and Sewer Pipe Cleaners,7.00,2.07,1.00,1.45,1.19,4.26
47-4091.00,Segmental Pavers,6.93,1.60,1.97,1.30,1.22,3.40
47-4099.03,Weatherization Installers and Technicians,6.01,3.22,1.50,2.31,2.19,4.49
47-5011.00,"Derrick Operators, Oil and Gas",7.00,2.54,1.00,1.01,1.64,3.64
47-5012.00,"Rotary Drill Operators, Oil and Gas",7.00,3.04,1.00,1.16,2.20,3.78
47-5013.00,"Service Unit Operators, Oil and Gas",7.00,2.58,1.00,1.20,1.82,4.07
47-5022.00,"Excavating and Loading Machine and Dragline Operators, Surface Mining",7.00,2.40,1.00,1.00,1.00,3.55
47-5023.00,"Earth Drillers, Except Oil and Gas",7.00,3.65,1.14,1.22,1.70,3.67
47-5032.00,"Explosives Workers, Ordnance Handling Experts, and Blasters",6.90,3.77,1.25,1.30,1.83,4.19
47-5041.00,Continuous Mining Machine Operators,6.97,2.50,1.00,1.04,1.34,4.07
47-5043.00,"Roof Bolters, Mining",7.00,2.46,1.00,1.00,1.01,3.34
47-5044.00,"Loading and Moving Machine Operators, Underground Mining",7.00,2.15,1.00,1.00,1.00,3.70
47-5051.00,"Rock Splitters, Quarry",6.99,2.07,1.74,1.26,1.17,3.19
47-5071.00,"Roustabouts, Oil and Gas",7.00,1.79,1.00,1.00,1.00,3.29
47-5081.00,Helpers--Extraction Workers,7.00,2.14,1.00,1.79,1.58,3.69
49-1011.00,"First-Line Supervisors of Mechanics, Installers, and Repairers",4.13,1.73,1.01,3.56,5.99,4.75
49-2011.00,"Computer, Automated Teller, and Office Machine Repairers",5.83,2.65,1.00,1.75,1.79,5.50
49-2021.00,"Radio, Cellular, and Tower Equipment Installers and Repairers",6.73,3.48,1.05,1.37,1.36,4.53
49-2022.00,"Telecommunications Equipment Installers and Repairers, Except Line Installers",6.43,2.42,1.00,1.81,1.60,4.83
49-2091.00,Avionics Technicians,7.00,4.31,1.16,1.38,1.06,4.41
49-2092.00,"Electric Motor, Power Tool, and Related Repairers",7.00,2.73,1.00,1.19,1.01,4.25
49-2093.00,"Electrical and Electronics Installers and Repairers, Transportation Equipment",7.00,3.38,1.00,1.15,1.02,4.83
49-2094.00,"Electrical and Electronics Repairers, Commercial and Industrial Equipment",7.00,3.84,1.00,1.00,1.44,5.27
49-2095.00,"Electrical and Electronics Repairers, Powerhouse, Substation, and Relay",7.00,3.52,1.00,1.07,1.30,5.27
49-2096.00,"Electronic Equipment Installers and Repairers, Motor Vehicles",7.00,3.44,1.00,1.30,1.00,4.33
49-2097.00,Audiovisual Equipment Installers and Repairers,6.85,2.62,1.66,1.64,1.12,4.61
49-2098.00,Security and Fire Alarm Systems Installers,6.67,3.35,1.00,1.37,1.58,4.94
49-3011.00,Aircraft Mechanics and Service Technicians,6.70,3.81,1.00,1.31,1.84,4.70
49-3021.00,Automotive Body and Related Repairers,7.00,1.60,1.43,1.06,1.45,3.34
49-3022.00,Automotive Glass Installers and Repairers,7.00,2.24,1.00,1.28,1.39,3.70
49-3023.00,Automotive Service Technicians and Mechanics,7.00,3.58,1.00,1.45,1.60,4.31
49-3031.00,Bus and Truck Mechanics and Diesel Engine Specialists,7.00,3.27,1.00,1.54,1.29,3.73
49-3041.00,Farm Equipment Mechanics and Service Technicians,7.00,3.02,1.00,1.30,1.08,4.30
49-3042.00,"Mobile Heavy Equipment Mechanics, Except Engines",7.00,3.54,1.00,1.00,1.00,4.35
49-3043.00,Rail Car Repairers,7.00,2.77,1.21,1.48,1.16,3.87
49-3051.00,Motorboat Mechanics and Service Technicians,7.00,2.86,1.00,1.01,1.61,3.88
49-3052.00,Motorcycle Mechanics,7.00,3.12,1.23,1.44,1.00,3.64
49-3053.00,Outdoor Power Equipment and Other Small Engine Mechanics,7.00,2.48,1.00,1.20,1.26,3.97
49-3091.00,Bicycle Repairers,7.00,1.82,1.17,1.62,1.49,3.34
49-3092.00,Recreational Vehicle Service Technicians,7.00,2.61,1.00,1.57,1.24,4.12
49-3093.00,Tire Repairers and Changers,7.00,1.80,1.00,1.79,1.58,3.41
49-9011.00,Mechanical Door Repairers,6.87,1.78,1.00,1.46,1.00,3.96
49-9012.00,"Control and Valve Installers and Repairers, Except Mechanical Door",7.00,2.85,1.00,1.20,1.00,4.51
49-9021.00,"Heating, Air Conditioning, and Refrigeration Mechanics and Installers",6.96,2.82,1.04,1.47,1.20,4.29
49-9031.00,Home Appliance Repairers,7.00,2.33,1.16,1.63,1.36,4.84
49-9041.00,Industrial Machinery Mechanics,7.00,3.01,1.01,1.00,1.17,4.33
49-9043.00,"Maintenance Workers, Machinery",7.00,2.04,1.00,1.00,1.20,4.25
49-9044.00,Millwrights,7.00,2.68,1.59,1.00,1.09,3.63
49-9045.00,"Refractory Materials Repairers, Except Brickmasons",7.00,2.20,1.31,1.02,1.00,3.55
49-9051.00,Electrical Power-Line Installers and Repairers,7.00,2.66,1.00,1.28,1.78,3.80
49-9052.00,Telecommunications Line Installers and Repairers,6.48,2.49,1.00,1.58,2.01,4.17
49-9061.00,Camera and Photographic Equipment Repairers,6.93,2.66,1.93,1.19,1.00,4.83
49-9062.00,Medical Equipment Repairers,7.00,4.59,1.00,1.96,1.00,4.80
49-9063.00,Musical Instrument Repairers and Tuners,6.39,2.64,3.46,1.58,1.00,3.54
49-9064.00,Watch and Clock Repairers,6.54,1.98,1.34,1.41,1.13,4.44
49-9071.00,"Maintenance and Repair Workers, General",7.00,2.53,1.20,1.75,1.53,4.17
49-9081.00,Wind Turbine Service Technicians,7.00,3.60,1.00,1.62,1.77,4.29
49-9091.00,"Coin, Vending, and Amusement Machine Servicers and Repairers",6.08,1.81,1.00,1.22,1.89,5.70
49-9092.00,Commercial Divers,7.00,3.60,1.35,1.10,1.66,3.10
49-9094.00,Locksmiths and Safe Repairers,6.09,2.11,1.00,1.57,1.42,5.00
49-9095.00,Manufactured Building and Mobile Home Installers,6.83,1.90,1.52,1.71,1.17,3.90
49-9096.00,Riggers,7.00,2.37,1.41,1.02,1.95,3.64
49-9097.00,Signal and Track Switch Repairers,6.49,2.64,1.00,1.19,1.01,4.46
49-9098.00,"Helpers--Installation, Maintenance, and Repair Workers",6.99,1.97,1.10,1.82,1.63,4.04
49-9099.01,Geothermal Technicians,6.38,3.44,1.00,1.68,1.78,4.99
51-1011.00,First-Line Supervisors of Production and Operating Workers,4.30,1.58,1.00,2.87,6.30,5.05
51-2011.00,"Aircraft Structure, Surfaces, Rigging, and Systems Assemblers",7.00,2.66,1.74,1.00,1.37,3.82
51-2021.00,"Coil Winders, Tapers, and Finishers",6.54,2.28,1.00,1.12,1.40,4.17
51-2022.00,Electrical and Electronic Equipment Assemblers,7.00,3.26,1.70,1.21,1.00,3.96
51-2023.00,Electromechanical Equipment Assemblers,7.00,3.35,1.41,1.06,1.00,4.98
51-2031.00,Engine and Other Machine Assemblers,7.00,2.69,1.23,1.00,1.07,4.39
51-2041.00,Structural Metal Fabricators and Fitters,7.00,2.60,1.73,1.00,1.12,3.91
51-2051.00,Fiberglass Laminators and Fabricators,6.74,2.02,2.22,1.00,1.16,3.49
51-2061.00,Timing Device Assemblers and Adjusters,6.74,2.12,1.19,1.00,1.14,4.61
51-2092.00,Team Assemblers,5.37,1.43,1.60,2.42,3.93,4.58
51-3011.00,Bakers,6.29,1.66,2.39,1.73,2.10,4.20
51-3021.00,Butchers and Meat Cutters,6.26,1.41,1.78,1.89,2.78,3.92
51-3022.00,"Meat, Poultry, and Fish Cutters and Trimmers",7.00,1.77,1.00,1.37,1.42,3.92
51-3023.00,Slaughterers and Meat Packers,6.62,2.24,1.31,1.67,2.12,3.53
51-3091.00,"Food and Tobacco Roasting, Baking, and Drying Machine Operators and Tenders",6.86,1.60,1.11,1.26,1.83,4.16
51-3092.00,Food Batchmakers,6.09,2.11,1.91,1.50,2.62,4.65
51-3093.00,Food Cooking Machine Operators and Tenders,6.82,1.98,1.15,1.34,1.68,4.67
51-4021.00,"Extruding and Drawing Machine Setters, Operators, and Tenders, Metal and Plastic",6.70,2.23,1.43,1.08,1.00,4.31
51-4022.00,"Forging Machine Setters, Operators, and Tenders, Metal and Plastic",6.74,2.62,1.03,1.00,1.19,4.39
51-4023.00,"Rolling Machine Setters, Operators, and Tenders, Metal and Plastic",6.76,1.67,1.01,1.01,1.00,3.96
51-4031.00,"Cutting, Punching, and Press Machine Setters, Operators, and Tenders, Metal and Plastic",6.86,2.22,1.06,1.00,1.00,4.30
51-4032.00,"Drilling and Boring Machine Tool Setters, Operators, and Tenders, Metal and Plastic",7.00,2.75,1.00,1.00,1.00,4.27
51-4033.00,"Grinding, Lapping, Polishing, and Buffing Machine Tool Setters, Operators, and Tenders, Metal and Plastic",7.00,2.14,1.18,1.00,1.00,3.91
51-4034.00,"Lathe and Turning Machine Tool Setters, Operators, and Tenders, Metal and Plastic",7.00,2.12,1.00,1.00,1.00,4.34
51-4035.00,"Milling and Planing Machine Setters, Operators, and Tenders, Metal and Plastic",7.00,2.41,1.19,1.00,1.00,4.38
51-4041.00,Machinists,7.00,3.70,1.95,1.16,1.21,4.40
51-4051.00,Metal-Refining Furnace Operators and Tenders,6.88,2.75,1.05,1.01,1.00,3.97
51-4052.00,"Pourers and Casters, Metal",7.00,2.45,1.14,1.05,1.00,3.76
51-4061.00,"Model Makers, Metal and Plastic",6.86,2.91,2.66,1.05,1.00,4.03
51-4062.00,"Patternmakers, Metal and Plastic",6.21,1.73,3.37,1.00,1.00,4.21
51-4071.00,Foundry Mold and Coremakers,6.82,2.27,2.14,1.05,1.00,3.50
51-4072.00,"Molding, Coremaking, and Casting Machine Setters, Operators, and Tenders, Metal and Plastic",6.97,2.28,1.35,1.08,1.08,4.28
51-4081.00,"Multiple Machine Tool Setters, Operators, and Tenders, Metal and Plastic",7.00,2.27,1.00,1.08,1.00,4.59
51-4111.00,Tool and Die Makers,6.94,2.98,1.90,1.00,1.00,4.19
51-4121.00,"Welders, Cutters, Solderers, and Brazers",7.00,2.08,1.40,1.08,1.53,3.65
51-4122.00,"Welding, Soldering, and Brazing Machine Setters, Operators, and Tenders",7.00,2.02,1.29,1.13,1.50,3.90
51-4191.00,"Heat Treating Equipment Setters, Operators, and Tenders, Metal and Plastic",6.82,2.20,1.00,1.57,1.00,4.07
51-4192.00,"Layout Workers, Metal and Plastic",6.48,2.83,2.88,1.02,1.00,3.89
51-4193.00,"Plating Machine Setters, Operators, and Tenders, Metal and Plastic",7.00,2.23,1.41,1.00,1.00,4.10
51-4194.00,"Tool Grinders, Filers, and Sharpeners",7.00,2.02,1.25,1.00,1.00,4.15
51-5111.00,Prepress Technicians and Workers,5.01,1.96,3.10,1.65,1.35,5.76
51-5112.00,Printing Press Operators,4.80,1.18,1.74,1.71,1.77,5.43
51-5113.00,Print Binding and Finishing Workers,5.44,1.20,2.05,1.47,1.23,5.49
51-6011.00,Laundry and Dry-Cleaning Workers,6.38,1.00,1.18,1.36,1.54,4.26
51-6021.00,"Pressers, Textile, Garment, and Related Materials",6.38,1.46,2.31,1.15,1.00,3.50
51-6031.00,Sewing Machine Operators,6.78,1.37,1.75,1.16,1.15,3.97
51-6041.00,Shoe and Leather Workers and Repairers,6.94,1.63,3.13,1.32,1.53,3.19
51-6042.00,Shoe Machine Operators and Tenders,6.71,1.77,1.67,1.30,1.54,3.88
51-6051.00,"Sewers, Hand",6.48,1.00,2.39,1.56,1.15,3.25
51-6052.00,"Tailors, Dressmakers, and Custom Sewers",5.88,1.16,3.96,1.99,2.44,3.13
51-6061.00,Textile Bleaching and Dyeing Machine Operators and Tenders,6.77,2.07,1.27,1.27,1.21,4.18
51-6062.00,"Textile Cutting Machine Setters, Operators, and Tenders",6.36,1.55,1.51,1.22,1.56,4.49
51-6063.00,"Textile Knitting and Weaving Machine Setters, Operators, and Tenders",6.95,1.81,1.56,1.02,1.36,4.28
51-6064.00,"Textile Winding, Twisting, and Drawing Out Machine Setters, Operators, and Tenders",6.50,1.48,1.33,1.00,1.53,4.32
51-6091.00,"Extruding and Forming Machine Setters, Operators, and Tenders, Synthetic and Glass Fibers",6.50,2.21,1.27,1.22,1.41,4.05
51-6092.00,Fabric and Apparel Patternmakers,5.65,1.34,5.40,1.31,1.45,4.17
51-6093.00,Upholsterers,6.81,1.84,2.92,1.38,1.00,2.92
51-7011.00,Cabinetmakers and Bench Carpenters,7.00,2.05,2.50,1.11,1.23,3.38
51-7021.00,Furniture Finishers,7.00,1.45,2.93,1.25,1.00,2.87
51-7031.00,"Model Makers, Wood",7.00,2.57,3.79,1.38,1.59,3.99
51-7032.00,"Patternmakers, Wood",6.58,2.06,4.06,1.29,1.26,4.04
51-7041.00,"Sawing Machine Setters, Operators, and Tenders, Wood",7.00,2.36,1.00,1.16,1.00,3.87
51-7042.00,"Woodworking Machine Setters, Operators, and Tenders, Except Sawing",7.00,2.38,1.13,1.20,1.02,4.14
51-8011.00,Nuclear Power Reactor Operators,5.40,3.12,1.00,2.07,2.60,5.14
51-8012.00,Power Distributors and Dispatchers,5.20,2.43,1.00,1.98,3.09,5.11
51-8013.00,Power Plant Operators,6.84,2.84,1.00,1.25,1.94,5.11
51-8013.03,Biomass Plant Technicians,6.97,3.12,1.00,1.22,1.75,4.82
51-8013.04,Hydroelectric Plant Technicians,7.00,3.28,1.00,1.21,1.77,4.68
51-8021.00,Stationary Engineers and Boiler Operators,7.00,3.16,1.00,1.10,1.22,4.40
51-8031.00,Water and Wastewater Treatment Plant and System Operators,6.75,2.55,1.00,1.57,1.62,4.60
51-8091.00,Chemical Plant and System Operators,6.22,3.18,1.00,1.22,1.60,5.16
51-8092.00,Gas Plant Operators,6.65,2.58,1.00,1.46,2.28,5.19
51-8093.00,"Petroleum Pump System Operators, Refinery Operators, and Gaugers",6.17,2.44,1.00,1.33,2.24,5.06
51-8099.01,Biofuels Processing Technicians,5.87,3.28,1.00,1.00,2.13,5.33
51-9011.00,Chemical Equipment Operators and Tenders,6.57,3.16,1.00,1.12,1.27,4.56
51-9012.00,"Separating, Filtering, Clarifying, Precipitating, and Still Machine Setters, Operators, and Tenders",6.27,2.29,1.00,1.10,1.09,4.47
51-9021.00,"Crushing, Grinding, and Polishing Machine Setters, Operators, and Tenders",6.84,2.12,1.00,1.00,1.41,4.59
51-9022.00,"Grinding and Polishing Workers, Hand",7.00,1.51,2.00,1.07,1.00,3.25
51-9023.00,"Mixing and Blending Machine Setters, Operators, and Tenders",6.56,1.94,1.13,1.09,1.16,4.24
51-9031.00,"Cutters and Trimmers, Hand",6.24,1.22,2.20,1.13,1.00,3.75
51-9032.00,"Cutting and Slicing Machine Setters, Operators, and Tenders",6.71,1.61,1.02,1.00,1.20,4.45
51-9041.00,"Extruding, Forming, Pressing, and Compacting Machine Setters, Operators, and Tenders",6.54,2.23,1.28,1.04,1.25,4.30
51-9051.00,"Furnace, Kiln, Oven, Drier, and Kettle Operators and Tenders",6.83,2.08,1.00,1.29,1.21,4.38
51-9061.00,"Inspectors, Testers, Sorters, Samplers, and Weighers",5.73,3.42,1.00,1.00,1.38,5.36
51-9071.00,Jewelers and Precious Stone and Metal Workers,6.59,2.60,3.70,1.03,1.51,3.35
51-9071.06,Gem and Diamond Workers,5.46,3.09,2.88,1.15,2.14,4.11
51-9081.00,Dental Laboratory Technicians,6.61,4.46,1.52,2.67,1.00,4.12
51-9082.00,Medical Appliance Technicians,7.00,3.96,1.58,3.20,1.00,3.66
51-9083.00,Ophthalmic Laboratory Technicians,6.37,2.87,1.70,1.90,1.37,4.13
51-9111.00,Packaging and Filling Machine Operators and Tenders,6.63,1.37,1.00,1.02,1.84,4.91
51-9123.00,"Painting, Coating, and Decorating Workers",6.93,1.34,3.42,1.57,1.00,3.40
51-9124.00,"Coating, Painting, and Spraying Machine Setters, Operators, and Tenders",6.98,1.49,2.11,1.23,1.05,3.64
51-9141.00,Semiconductor Processing Technicians,6.40,3.07,1.00,1.11,1.46,5.15
51-9151.00,Photographic Process Workers and Processing Machine Operators,5.49,2.13,2.92,1.11,1.11,5.19
51-9161.00,Computer Numerically Controlled Tool Operators,6.44,2.88,1.19,1.00,1.37,5.39
51-9162.00,Computer Numerically Controlled Tool Programmers,4.88,3.62,1.53,1.45,1.68,5.92
51-9191.00,Adhesive Bonding Machine Operators and Tenders,6.49,2.06,1.08,1.00,1.11,4.39
51-9192.00,"Cleaning, Washing, and Metal Pickling Equipment Operators and Tenders",7.00,1.68,1.00,1.00,1.00,4.41
51-9193.00,Cooling and Freezing Equipment Operators and Tenders,6.99,2.32,1.00,1.41,1.12,4.29
51-9194.00,Etchers and Engravers,6.52,2.45,3.75,1.38,1.00,3.44
51-9195.00,"Molders, Shapers, and Casters, Except Metal and Plastic",6.64,2.25,2.14,1.01,1.00,4.29
51-9195.03,"Stone Cutters and Carvers, Manufacturing",7.00,1.88,3.83,1.23,1.00,3.75
51-9195.04,"Glass Blowers, Molders, Benders, and Finishers",6.79,2.50,1.46,1.00,1.48,5.12
51-9195.05,"Potters, Manufacturing",6.92,1.64,2.16,1.00,1.19,3.69
51-9196.00,"Paper Goods Machine Setters, Operators, and Tenders",6.53,1.72,1.26,1.00,1.45,4.55
51-9197.00,Tire Builders,7.00,2.28,1.00,1.09,1.00,3.78
51-9198.00,Helpers--Production Workers,6.54,1.30,1.14,1.67,1.89,4.40
53-1041.00,Aircraft Cargo Handling Supervisors,4.60,2.19,1.00,2.47,5.37,4.79
53-1042.00,"First-Line Supervisors of Helpers, Laborers, and Material Movers, Hand",3.38,1.13,1.11,3.73,6.16,4.88
53-1042.01,Recycling Coordinators,4.00,2.25,1.00,3.37,4.77,4.57
53-1043.00,First-Line Supervisors of Material-Moving Machine and Vehicle Operators,4.76,1.83,1.00,2.56,5.20,4.79
53-1044.00,First-Line Supervisors of Passenger Attendants,2.60,1.05,1.00,4.08,6.52,5.23
53-2011.00,"Airline Pilots, Copilots, and Flight Engineers",4.74,3.15,1.44,2.50,3.81,4.70
53-2012.00,Commercial Pilots,4.79,2.55,1.10,2.57,3.92,4.82
53-2021.00,Air Traffic Controllers,4.55,2.45,1.00,2.68,4.29,4.99
53-2022.00,Airfield Operations Specialists,4.63,3.54,1.00,2.49,4.47,4.93
53-2031.00,Flight Attendants,4.04,2.04,1.27,4.19,3.63,4.41
53-3011.00,"Ambulance Drivers and Attendants, Except Emergency Medical Technicians",6.45,2.45,1.00,4.73,1.53,3.57
53-3031.00,Driver/Sales Workers,5.34,1.00,1.00,2.43,3.67,4.67
53-3032.00,Heavy and Tractor-Trailer Truck Drivers,7.00,1.92,1.00,1.33,1.30,4.10
53-3033.00,Light Truck Drivers,6.88,1.54,1.02,1.36,2.10,4.42
53-3051.00,"Bus Drivers, School",5.50,1.61,1.21,4.45,2.18,4.70
53-3052.00,"Bus Drivers, Transit and Intercity",5.95,1.00,1.00,3.60,2.81,4.70
53-3053.00,Shuttle Drivers and Chauffeurs,6.50,1.00,1.00,3.04,2.12,4.16
53-3054.00,Taxi Drivers,5.73,1.10,1.00,2.80,2.49,4.80
53-4011.00,Locomotive Engineers,7.00,3.49,1.00,1.85,1.89,4.65
53-4013.00,"Rail Yard Engineers, Dinkey Operators, and Hostlers",6.78,2.02,1.00,1.76,2.07,4.30
53-4022.00,"Railroad Brake, Signal, and Switch Operators and Locomotive Firers",7.00,2.07,1.00,1.22,1.43,4.25
53-4031.00,Railroad Conductors and Yardmasters,5.80,1.97,1.00,1.85,3.77,4.87
53-4041.00,Subway and Streetcar Operators,5.91,1.37,1.00,2.80,2.28,4.26
53-5011.00,Sailors and Marine Oilers,6.97,2.62,1.00,1.24,2.41,3.96
53-5021.00,"Captains, Mates, and Pilots of Water Vessels",5.61,2.64,1.00,1.88,4.22,4.56
53-5022.00,Motorboat Operators,6.54,2.22,1.12,1.99,3.19,3.66
53-5031.00,Ship Engineers,6.44,3.54,1.00,1.76,3.73,4.91
53-6011.00,Bridge and Lock Tenders,6.15,2.40,1.00,1.79,2.58,4.37
53-6021.00,Parking Attendants,5.64,1.00,1.15,3.03,3.12,5.07
53-6031.00,Automotive and Watercraft Service Attendants,6.40,1.32,1.00,1.97,2.15,4.37
53-6032.00,Aircraft Service Attendants,6.11,1.83,1.00,1.87,2.10,4.16
53-6041.00,Traffic Technicians,4.87,4.38,1.40,1.93,1.96,4.47
53-6051.00,Transportation Inspectors,5.69,2.91,1.00,1.56,2.64,6.17
53-6051.01,Aviation Inspectors,5.57,4.09,1.00,1.42,2.56,5.73
53-6051.07,"Transportation Vehicle, Equipment and Systems Inspectors, Except Aviation",7.00,3.72,1.00,1.00,1.35,5.14
53-6061.00,Passenger Attendants,3.76,1.15,1.00,4.35,3.08,4.45
53-7011.00,Conveyor Operators and Tenders,6.13,1.36,1.00,1.21,2.58,4.95
53-7021.00,Crane and Tower Operators,7.00,2.22,1.00,1.19,1.30,3.94
53-7031.00,Dredge Operators,6.63,2.99,1.00,1.36,2.33,3.48
53-7041.00,Hoist and Winch Operators,6.89,1.55,1.07,1.45,1.45,3.33
53-7051.00,Industrial Truck and Tractor Operators,7.00,1.78,1.00,1.11,1.23,3.71
53-7061.00,Cleaners of Vehicles and Equipment,7.00,1.15,1.00,1.04,1.00,4.04
53-7062.00,"Laborers and Freight, Stock, and Material Movers, Hand",6.04,1.12,1.00,1.47,2.04,4.94
53-7062.04,Recycling and Reclamation Workers,6.28,2.04,1.00,1.28,1.59,4.39
53-7063.00,Machine Feeders and Offbearers,6.96,2.07,1.00,1.00,1.00,4.49
53-7064.00,"Packers and Packagers, Hand",5.59,1.34,1.50,1.39,2.27,5.41
53-7065.00,Stockers and Order Fillers,4.79,1.00,1.00,1.88,3.29,6.25
53-7071.00,Gas Compressor and Gas Pumping Station Operators,6.27,2.30,1.00,1.51,1.49,4.83
53-7072.00,"Pump Operators, Except Wellhead Pumpers",6.68,2.27,1.00,1.28,1.46,4.50
53-7073.00,Wellhead Pumpers,6.92,2.26,1.00,1.11,1.77,4.29
53-7081.00,Refuse and Recyclable Material Collectors,7.00,1.83,1.00,1.29,1.36,4.53
53-7121.00,"Tank Car, Truck, and Ship Loaders",6.96,1.98,1.00,1.00,1.30,4.77
