npsn,nama,domain_usulan,domain,sumber,catatan
001002,Universitas Indonesia,ui.ac.id,,,
001001,Universitas Gadjah Mada,ugm.ac.id,,,
001004,Universitas Airlangga,unair.ac.id,,,
001034,Universitas Pendidikan Indonesia,upi.edu,,,Bukan .ac.id: UPI memakai upi.edu
001019,Universitas Brawijaya,ub.ac.id,,,
001007,Universitas Padjadjaran,unpad.ac.id,,,
001008,Universitas Diponegoro,undip.ac.id,,,
001027,Universitas Sebelas Maret,uns.ac.id,,,
002001,Institut Teknologi Bandung,itb.ac.id,,,
002003,Institut Pertanian Bogor,ipb.ac.id,,,
001033,Universitas Negeri Malang,um.ac.id,,,
001005,Universitas Hasanuddin,unhas.ac.id,,,
041057,Universitas Telkom,telkomuniversity.ac.id,,,"Cek domain email mahasiswa (mis. student.telkomuniversity.ac.id, subdomain ikut cocok)"
001038,Universitas Negeri Yogyakarta,uny.ac.id,,,
001032,Universitas Negeri Padang,unp.ac.id,,,
001026,Universitas Lampung,unila.ac.id,,,
001041,Universitas Negeri Semarang,unnes.ac.id,,,
001037,Universitas Negeri Jakarta,unj.ac.id,,,
001039,Universitas Negeri Surabaya,unesa.ac.id,,,
001006,Universitas Andalas,unand.ac.id,,,
001016,Universitas Mataram,unram.ac.id,,,
001011,Universitas Syiah Kuala,usk.ac.id,,,Dulu unsyiah.ac.id; cek apakah alamat lama masih dipakai mahasiswa
001003,Universitas Sumatera Utara,usu.ac.id,,,
001020,Universitas Jambi,unja.ac.id,,,
002002,Institut Teknologi Sepuluh Nopember,its.ac.id,,,
001036,Universitas Negeri Makassar,unm.ac.id,,,
201004,Universitas Islam Negeri Sunan Gunung Djati,uinsgd.ac.id,,,
001010,Universitas Lambung Mangkurat,ulm.ac.id,,,
001009,Universitas Sriwijaya,unsri.ac.id,,,
001025,Universitas Jember,unej.ac.id,,,
061008,Universitas Muhammadiyah Surakarta,ums.ac.id,,,
001013,Universitas Udayana,unud.ac.id,,,
051013,Universitas Ahmad Dahlan,uad.ac.id,,,
031038,Universitas Bina Nusantara,binus.ac.id,,,
001017,Universitas Riau,unri.ac.id,,,
051007,Universitas Muhammadiyah Yogyakarta,umy.ac.id,,,
051001,Universitas Islam Indonesia,uii.ac.id,,,
001040,Universitas Negeri Medan,unimed.ac.id,,,
201002,Universitas Islam Negeri Sunan Kalijaga,uin-suka.ac.id,,,
201001,Universitas Islam Negeri Syarif Hidayatullah,uinjkt.ac.id,,,
201014,Universitas Islam Negeri Raden Intan Lampung,radenintan.ac.id,,,
071024,Universitas Muhammadiyah Malang,umm.ac.id,,,
001030,Universitas Bengkulu,unib.ac.id,,,
001061,Universitas Pembangunan Nasional Veteran Jakarta,upnvj.ac.id,,,
031039,Universitas Muhammadiyah Prof Dr Hamka,uhamka.ac.id,,,
001022,Universitas Tanjungpura,untan.ac.id,,,
001042,Universitas Sultan Ageng Tirtayasa,untirta.ac.id,,,
021028,Universitas Teknokrat Indonesia,teknokrat.ac.id,,,
001048,Universitas Pendidikan Ganesha,undiksha.ac.id,,,
201003,Universitas Islam Negeri Maulana Malik Ibrahim,uin-malang.ac.id,,,
001015,Universitas Mulawarman,unmul.ac.id,,,
001031,Universitas Terbuka,ut.ac.id,,,
001023,Universitas Jenderal Soedirman,unsoed.ac.id,,,
001028,Universitas Tadulako,untad.ac.id,,,
001029,Universitas Halu Oleo,uho.ac.id,,,
061001,Universitas Kristen Satya Wacana,uksw.edu,,,Bukan .ac.id: UKSW memakai uksw.edu
011003,Universitas Muhammadiyah Sumatera Utara,umsu.ac.id,,,
201008,Universitas Islam Negeri Sumatera Utara Medan,uinsu.ac.id,,,
041002,Universitas Islam Bandung,unisba.ac.id,,,
031011,Universitas Muhammadiyah Jakarta,umj.ac.id,,,
091004,Universitas Muhammadiyah Makassar,unismuh.ac.id,,,
001012,Universitas Sam Ratulangi,unsrat.ac.id,,,
031033,Universitas Esa Unggul,esaunggul.ac.id,,,
071032,Universitas Muhammadiyah Jember,unmuhjember.ac.id,,,
071027,Universitas Islam Malang,unisma.ac.id,,,
031019,Universitas Mercu Buana,mercubuana.ac.id,,,
011008,Universitas Medan Area,uma.ac.id,,,
061002,Universitas Islam Sultan Agung,unissula.ac.id,,,
201007,Universitas Islam Negeri Sunan Ampel,uinsa.ac.id,,,
001024,Universitas Palangka Raya,upr.ac.id,,,
041033,Universitas Pamulang,unpam.ac.id,,,
201005,Universitas Islam Negeri Sultan Syarif Kasim Riau,uin-suska.ac.id,,,
091002,Universitas Muslim Indonesia,umi.ac.id,,,
201009,Universitas Islam Negeri Raden Fatah Palembang,radenfatah.ac.id,,,
001021,Universitas Pattimura,unpatti.ac.id,,,
001059,Universitas Pembangunan Nasional Veteran Jawa Timur,upnjatim.ac.id,,,
201011,Universitas Islam Negeri Ar-Raniry Banda Aceh,ar-raniry.ac.id,,,
031009,Universitas Kristen Indonesia,uki.ac.id,,,
001047,Universitas Negeri Gorontalo,ung.ac.id,,,
061038,Universitas Persatuan Guru Republik Indonesia Semarang,upgris.ac.id,,,
031016,Universitas Trisakti,trisakti.ac.id,,,
071060,Universitas Muhammadiyah Sidoarjo,umsida.ac.id,,,
001043,Universitas Trunodjoyo Madura,trunojoyo.ac.id,,,
031037,Universitas Gunadarma,gunadarma.ac.id,,,
041008,Universitas Pasundan,unpas.ac.id,,,
031034,Universitas Pelita Harapan,uph.edu,,,Bukan .ac.id: UPH memakai uph.edu
001057,Universitas Siliwangi,unsil.ac.id,,,
001062,Universitas Pembangunan Nasional Veteran Yogyakarta,upnyk.ac.id,,,
071003,Universitas Katolik Widya Mandala Surabaya,ukwms.ac.id,,,
041001,Universitas Ibn Khaldun Bogor,uika-bogor.ac.id,,,
201010,Universitas Islam Negeri Walisongo Semarang,walisongo.ac.id,,,
061019,Universitas Muhammadiyah Purwokerto,ump.ac.id,,,
171006,Universitas Islam Riau,uir.ac.id,,,
071012,Universitas Muhammadiyah Surabaya,um-surabaya.ac.id,,,
061026,Universitas Muhammadiyah Semarang,unimus.ac.id,,,
041004,Universitas Pakuan,unpak.ac.id,,,
031015,Universitas Tarumanagara,untar.ac.id,,,
061017,Universitas Semarang,usm.ac.id,,,
001046,Universitas Malikussaleh,unimal.ac.id,,,
071002,Universitas Kristen Petra,petra.ac.id,,,
