nama_qs,npsn,catatan
Universitas Indonesia,001002,Exact name. QS lists Depok; the export lists Kota Jakarta Pusat. Only Kampus with this name.
Gadjah Mada University,001001,English name of Universitas Gadjah Mada; the only Gadjah Mada in the catalogue. Accepted by the user 2026-10-07.
Universitas Airlangga,001004,Exact name.
Institut Teknologi Bandung (ITB),002001,Exact name without the acronym.
IPB University (aka Bogor Agricultural University),002003,Brand name of Institut Pertanian Bogor; the other two Pertanian Bogor entries are a Politeknik and a Sekolah Tinggi. Accepted by the user 2026-10-07.
Universitas Padjadjaran (UNPAD),001007,Exact name without the acronym. QS lists Bandung; the export lists Kab. Sumedang. Only Kampus with this name.
Institut Teknologi Sepuluh Nopember (ITS Surabaya),002002,Exact name without the acronym.
Universitas Brawijaya,001019,Exact name.
Diponegoro University,001008,English name of Universitas Diponegoro (Kota Semarang); the other Diponegoro names are a STAI, a STIKes and Universitas Pangeran Diponegoro Nganjuk. Accepted by the user 2026-10-07.
Universitas Hasanuddin,001005,Exact name.
Bina Nusantara University (BINUS),031038,English name of Universitas Bina Nusantara (Kota Jakarta Barat); the other Bina Nusantara names are an AMIK, an Akademi, a STIA and a STMIK. Accepted by the user 2026-10-07.
Universitas Sebelas Maret (UNS),001027,Exact name without the acronym.
Universitas Sumatera Utara,001003,Exact name.
Telkom University,041057,English name of Universitas Telkom; the only Telkom in the catalogue. Accepted by the user 2026-10-07.
Universitas Muhammadiyah Yogyakarta (UMY),051007,Exact name without the acronym. QS lists Yogyakarta; the export lists Kab. Bantul. Only Kampus with this name.
Universitas Andalas,001006,Exact name.
Universitas Negeri Padang,001032,Exact name.
Universitas Negeri Yogyakarta,001038,Exact name.
Universitas Pendidikan Indonesia,001034,Exact name.
Universitas Trisakti (USAKTI),031016,Exact name without the acronym.
