npsn,nama,peringkat,sumber,tanggal_ambil
001002,Universitas Indonesia,1,Webometrics 2026 July,2026-10-02
001001,Universitas Gadjah Mada,2,Webometrics 2026 July,2026-10-02
001004,Universitas Airlangga,3,Webometrics 2026 July,2026-10-02
001034,Universitas Pendidikan Indonesia,4,Webometrics 2026 July,2026-10-02
001019,Universitas Brawijaya,5,Webometrics 2026 July,2026-10-02
001007,Universitas Padjadjaran,6,Webometrics 2026 July,2026-10-02
001008,Universitas Diponegoro,7,Webometrics 2026 July,2026-10-02
001027,Universitas Sebelas Maret,8,Webometrics 2026 July,2026-10-02
002001,Institut Teknologi Bandung,9,Webometrics 2026 July,2026-10-02
002003,Institut Pertanian Bogor,10,Webometrics 2026 July,2026-10-02
001033,Universitas Negeri Malang,11,Webometrics 2026 July,2026-10-02
001005,Universitas Hasanuddin,12,Webometrics 2026 July,2026-10-02
041057,Universitas Telkom,13,Webometrics 2026 July,2026-10-02
001038,Universitas Negeri Yogyakarta,14,Webometrics 2026 July,2026-10-02
001032,Universitas Negeri Padang,15,Webometrics 2026 July,2026-10-02
001026,Universitas Lampung,16,Webometrics 2026 July,2026-10-02
001041,Universitas Negeri Semarang,17,Webometrics 2026 July,2026-10-02
001037,Universitas Negeri Jakarta,18,Webometrics 2026 July,2026-10-02
001039,Universitas Negeri Surabaya,19,Webometrics 2026 July,2026-10-02
001006,Universitas Andalas,20,Webometrics 2026 July,2026-10-02
001016,Universitas Mataram,21,Webometrics 2026 July,2026-10-02
001011,Universitas Syiah Kuala,22,Webometrics 2026 July,2026-10-02
001003,Universitas Sumatera Utara,23,Webometrics 2026 July,2026-10-02
001020,Universitas Jambi,24,Webometrics 2026 July,2026-10-02
002002,Institut Teknologi Sepuluh Nopember,25,Webometrics 2026 July,2026-10-02
001036,Universitas Negeri Makassar,26,Webometrics 2026 July,2026-10-02
201004,Universitas Islam Negeri Sunan Gunung Djati,27,Webometrics 2026 July,2026-10-02
001010,Universitas Lambung Mangkurat,28,Webometrics 2026 July,2026-10-02
001009,Universitas Sriwijaya,29,Webometrics 2026 July,2026-10-02
001025,Universitas Jember,30,Webometrics 2026 July,2026-10-02
061008,Universitas Muhammadiyah Surakarta,31,Webometrics 2026 July,2026-10-02
001013,Universitas Udayana,32,Webometrics 2026 July,2026-10-02
051013,Universitas Ahmad Dahlan,33,Webometrics 2026 July,2026-10-02
031038,Universitas Bina Nusantara,34,Webometrics 2026 July,2026-10-02
001017,Universitas Riau,35,Webometrics 2026 July,2026-10-02
051007,Universitas Muhammadiyah Yogyakarta,36,Webometrics 2026 July,2026-10-02
051001,Universitas Islam Indonesia,37,Webometrics 2026 July,2026-10-02
001040,Universitas Negeri Medan,38,Webometrics 2026 July,2026-10-02
201002,Universitas Islam Negeri Sunan Kalijaga,39,Webometrics 2026 July,2026-10-02
201001,Universitas Islam Negeri Syarif Hidayatullah,40,Webometrics 2026 July,2026-10-02
201014,Universitas Islam Negeri Raden Intan Lampung,41,Webometrics 2026 July,2026-10-02
071024,Universitas Muhammadiyah Malang,42,Webometrics 2026 July,2026-10-02
001030,Universitas Bengkulu,43,Webometrics 2026 July,2026-10-02
001061,Universitas Pembangunan Nasional Veteran Jakarta,44,Webometrics 2026 July,2026-10-02
031039,Universitas Muhammadiyah Prof Dr Hamka,45,Webometrics 2026 July,2026-10-02
001022,Universitas Tanjungpura,46,Webometrics 2026 July,2026-10-02
001042,Universitas Sultan Ageng Tirtayasa,47,Webometrics 2026 July,2026-10-02
021028,Universitas Teknokrat Indonesia,48,Webometrics 2026 July,2026-10-02
001048,Universitas Pendidikan Ganesha,49,Webometrics 2026 July,2026-10-02
201003,Universitas Islam Negeri Maulana Malik Ibrahim,50,Webometrics 2026 July,2026-10-02
001015,Universitas Mulawarman,51,Webometrics 2026 July,2026-10-02
001031,Universitas Terbuka,52,Webometrics 2026 July,2026-10-02
001023,Universitas Jenderal Soedirman,53,Webometrics 2026 July,2026-10-02
001028,Universitas Tadulako,54,Webometrics 2026 July,2026-10-02
001029,Universitas Halu Oleo,55,Webometrics 2026 July,2026-10-02
061001,Universitas Kristen Satya Wacana,56,Webometrics 2026 July,2026-10-02
011003,Universitas Muhammadiyah Sumatera Utara,57,Webometrics 2026 July,2026-10-02
201008,Universitas Islam Negeri Sumatera Utara Medan,58,Webometrics 2026 July,2026-10-02
041002,Universitas Islam Bandung,59,Webometrics 2026 July,2026-10-02
031011,Universitas Muhammadiyah Jakarta,60,Webometrics 2026 July,2026-10-02
091004,Universitas Muhammadiyah Makassar,61,Webometrics 2026 July,2026-10-02
001012,Universitas Sam Ratulangi,62,Webometrics 2026 July,2026-10-02
031033,Universitas Esa Unggul,63,Webometrics 2026 July,2026-10-02
071032,Universitas Muhammadiyah Jember,64,Webometrics 2026 July,2026-10-02
071027,Universitas Islam Malang,65,Webometrics 2026 July,2026-10-02
031019,Universitas Mercu Buana,66,Webometrics 2026 July,2026-10-02
011008,Universitas Medan Area,67,Webometrics 2026 July,2026-10-02
061002,Universitas Islam Sultan Agung,68,Webometrics 2026 July,2026-10-02
201007,Universitas Islam Negeri Sunan Ampel,69,Webometrics 2026 July,2026-10-02
001024,Universitas Palangka Raya,70,Webometrics 2026 July,2026-10-02
041033,Universitas Pamulang,71,Webometrics 2026 July,2026-10-02
201005,Universitas Islam Negeri Sultan Syarif Kasim Riau,72,Webometrics 2026 July,2026-10-02
091002,Universitas Muslim Indonesia,73,Webometrics 2026 July,2026-10-02
201009,Universitas Islam Negeri Raden Fatah Palembang,74,Webometrics 2026 July,2026-10-02
001021,Universitas Pattimura,75,Webometrics 2026 July,2026-10-02
001059,Universitas Pembangunan Nasional Veteran Jawa Timur,76,Webometrics 2026 July,2026-10-02
201011,Universitas Islam Negeri Ar-Raniry Banda Aceh,77,Webometrics 2026 July,2026-10-02
031009,Universitas Kristen Indonesia,78,Webometrics 2026 July,2026-10-02
001047,Universitas Negeri Gorontalo,79,Webometrics 2026 July,2026-10-02
061038,Universitas Persatuan Guru Republik Indonesia Semarang,80,Webometrics 2026 July,2026-10-02
031016,Universitas Trisakti,81,Webometrics 2026 July,2026-10-02
071060,Universitas Muhammadiyah Sidoarjo,82,Webometrics 2026 July,2026-10-02
001043,Universitas Trunodjoyo Madura,83,Webometrics 2026 July,2026-10-02
031037,Universitas Gunadarma,84,Webometrics 2026 July,2026-10-02
041008,Universitas Pasundan,85,Webometrics 2026 July,2026-10-02
031034,Universitas Pelita Harapan,86,Webometrics 2026 July,2026-10-02
001057,Universitas Siliwangi,87,Webometrics 2026 July,2026-10-02
001062,Universitas Pembangunan Nasional Veteran Yogyakarta,88,Webometrics 2026 July,2026-10-02
071003,Universitas Katolik Widya Mandala Surabaya,89,Webometrics 2026 July,2026-10-02
041001,Universitas Ibn Khaldun Bogor,90,Webometrics 2026 July,2026-10-02
201010,Universitas Islam Negeri Walisongo Semarang,91,Webometrics 2026 July,2026-10-02
061019,Universitas Muhammadiyah Purwokerto,92,Webometrics 2026 July,2026-10-02
171006,Universitas Islam Riau,93,Webometrics 2026 July,2026-10-02
071012,Universitas Muhammadiyah Surabaya,94,Webometrics 2026 July,2026-10-02
061026,Universitas Muhammadiyah Semarang,95,Webometrics 2026 July,2026-10-02
041004,Universitas Pakuan,96,Webometrics 2026 July,2026-10-02
031015,Universitas Tarumanagara,97,Webometrics 2026 July,2026-10-02
061017,Universitas Semarang,98,Webometrics 2026 July,2026-10-02
001046,Universitas Malikussaleh,99,Webometrics 2026 July,2026-10-02
071002,Universitas Kristen Petra,100,Webometrics 2026 July,2026-10-02
